State,District,total_enrolments,Predicted_Enrolment_Load,Predicted_Demo_Updates,Predicted_Bio_Updates,Demand_Score,Risk_Score,Backlog_Score,Priority_Score,biometric_risk_category,lifecycle_stress_index
Telangana,Medchal?malkajgiri,2,2.0000000001073204,324.67884866561224,859.3643385651321,0.004577916132822106,5390.59509341066,39468.10624102481,10588.920168285133,HIGH,17791.735420679575
Rajasthan,Beawar,1,1.0000000000027285,514.2394837914308,9.20445270523905,0.0022889580662944727,2411.515190738508,26172.196824833492,6440.197647023373,HIGH,7852.40992478655
Rajasthan,Balotra,1,1.000000000001819,514.2394837914308,9.20445270523905,0.0022889580662923906,2364.3261635332124,26172.196824833492,6416.6031334207255,HIGH,7696.77983410223
Rajasthan,Didwana-Kuchaman,2,2.000000000001819,715.3559395146029,9.20445270523905,0.004577916132580618,2256.597619703623,24152.013073994734,5958.702798025599,HIGH,7336.018021336933
Daman & Diu,Daman,9,9.000000000047294,382.7585933301444,1446.455375236713,0.020600622596702298,2519.004533987448,18292.13968566857,4917.936384314217,HIGH,8200.800000368969
Maharashtra,Ahilyanagar,13,13.000000000010914,2378.4411878359456,19.43337507145178,0.029756454861771933,1619.806386284462,17127.675449338552,4235.4472099464,HIGH,5243.439134532339
Rajasthan,Deeg ,8,8.00000000000091,1034.1938947765213,14.60579217969686,0.0183116645303079,1134.182861989759,11653.329855069092,2897.762895508057,HIGH,3599.6354956240525
Manipur,Thoubal,1067,1067.0000000000164,59334.36990032255,56203.69178727674,2.4423182567295756,1355.0731403547782,10818.170569999933,2841.9033796543945,HIGH,4297.853615190977
Manipur,Imphal East,1132,1132.0000000000168,56019.26753060728,59296.34413643817,2.5911005310383115,1298.3178572378902,10177.900411919281,2685.516341162113,HIGH,4108.669338134684
Rajasthan,Salumbar,1,1.0000000000009095,206.15962114792606,9.20445270523905,0.002288958066290309,1021.854086745299,10768.203692658255,2664.5684685917204,HIGH,3221.8729114758526
Mizoram,Serchhip,102,102.00000000002183,2445.7380536743626,7615.640629769425,0.23347372276144915,1398.3039923008814,9768.328818877462,2652.8878020427615,HIGH,4417.675834250948
Manipur,Imphal West,1236,1236.000000000015,59342.67127487755,61314.70009276551,2.829152169932283,1244.043998655576,9754.031638451339,2573.6770726690356,HIGH,3927.756476193636
Chhattisgarh,Mohla-Manpur-Ambagarh Chouki,259,258.99999999999545,19804.580887022035,4589.69761014499,0.5928401391686404,1005.6065007075777,9382.414806602703,2379.46406371608,HIGH,3179.8916993596727
Daman and Diu,Daman,58,58.00000000002274,1081.1408272349836,3987.3879649828655,0.13275956784476922,1252.3211465431916,8590.726766470929,2344.3457544361354,HIGH,3988.9704034889965
Chhattisgarh,Balod,1678,1678.0000000000014,59763.37504779396,81167.67273866876,3.8408716352316485,1106.586129336725,8393.749123672585,2233.195150893449,HIGH,3496.4904614568304
Maharashtra,Gadchiroli,2374,2374.0000000000227,52583.308767007235,140179.57889975412,5.433986449368303,1144.5007027472648,8116.332112284688,2197.1469697653806,HIGH,3637.420189408347
Daman & Diu,Diu,12,12.000000000014552,270.8701134135461,785.8258867043324,0.027467496795492034,1138.1452294858623,8128.430770137528,2194.7670090194756,HIGH,3597.935652030347
Maharashtra,Wardha,1953,1953.0000000000264,30354.130386635083,126452.06749406118,4.470335103460968,1166.797806627289,8024.882184273095,2189.716440699302,HIGH,3711.7438690084277
Andhra Pradesh,Warangal,1059,1059.0000000000045,34806.152089387404,52035.95110821123,2.424006592199243,1085.3702544774296,8192.651245056475,2181.94257822767,HIGH,3434.7539698549904
Andhra Pradesh,Srikakulam,4300,4299.99999999999,135712.77261112398,192588.96644591205,9.842519685039354,1014.2847008069162,7633.149013183818,2036.7249089457337,HIGH,3196.1354576199456
Mizoram,Mamit,171,171.00000000001728,1796.8055797070165,10745.128088990525,0.39141182933532637,1105.4477675898186,7291.821900405547,2011.2056874248196,HIGH,3441.4884185474057
Maharashtra,Ratnagiri,2603,2603.00000000002,53064.12703101491,139098.98443536734,5.958157846548301,1041.052081352602,7379.535770598397,1998.220642149945,HIGH,3292.591451426138
Maharashtra,Bhandara,1903,1903.0000000000232,38048.483117692536,102160.44277272983,4.355887200146549,1040.547484732167,7363.914174917141,1994.3633435095558,HIGH,3290.909462691355
Punjab,Mansa,1124,1124.0000000000132,23612.59154324622,59027.24320866567,2.5727888665079974,1034.7501647075433,7345.763089058835,1987.2995368254913,HIGH,3262.537100775108
Maharashtra,Chandrapur,4475,4475.000000000011,112094.60840554876,213594.20001340835,10.243087346639841,997.5469527305601,7276.33620238957,1957.113643047186,HIGH,3147.5743560193314
Andaman and Nicobar Islands,South Andaman,190,190.00000000001455,3359.7893321200117,10178.706189633807,0.43490203259479643,1012.3398137525463,7088.217550656449,1923.9438876173417,HIGH,3191.7973467260576
Arunachal Pradesh,Upper Siang,43,43.00000000001455,1387.5704913755706,1803.8842919334754,0.09842519685042707,938.4038135028977,7253.306325702377,1919.8926994509795,HIGH,2951.4340866909492
Chhattisgarh,Rajnandgaon,4185,4184.999999999989,148131.02250171214,154494.38303829642,9.579289507416206,932.8725551529635,7229.465015289263,1915.2030674865591,HIGH,2917.445214177625
Maharashtra,Yavatmal,7594,7593.999999999999,196103.38403714352,327177.11005046475,17.382347555392794,934.9498472526142,6889.802423799978,1850.6501126529206,HIGH,2938.9173377595116
Chhattisgarh,Dhamtari,1968,1968.000000000001,44719.467183851586,90332.67936531399,4.504669474455233,952.6869659657286,6858.92059670724,1849.479003166649,HIGH,2983.4932502201755
Chhattisgarh,Mahasamund,3361,3360.99999999999,135535.93703360978,99841.20476522249,7.693188060794709,867.4167364569365,7001.104753088409,1836.2372752643885,HIGH,2699.2591518575355
Maharashtra,Osmanabad,4026,4026.000000000011,108836.95325076776,155041.97723963027,9.215345174876427,877.058171158847,6552.742252058556,1751.8421395435976,HIGH,2745.945084113621
Andaman and Nicobar Islands,North And Middle Andaman,132,132.00000000001273,2048.219052176432,6372.364601579623,0.3021424647500751,913.7496130147229,6331.265905079741,1723.2186302627347,HIGH,2863.163344266646
Andhra Pradesh,Khammam,1133,1133.0,32328.432822603223,40969.94653971335,2.5933894891045615,856.9723952166006,6463.701883802166,1722.0045912154649,HIGH,2671.7611056522264
Maharashtra,Amravati,6915,6915.0000000000055,96162.35880989484,338265.5468425497,15.828145028383103,915.1970744135193,6281.490827825976,1718.64514628047,HIGH,2873.0747616291956
Maharashtra,Sindhudurg,1202,1202.0000000000218,27883.48275756048,48787.41567114835,2.751327595678499,866.877524584177,6373.3082650630795,1708.925813583408,HIGH,2715.342928864721
Chhattisgarh,Durg,4095,4094.9999999999936,77112.56672367366,179862.6458407499,9.373283281450275,888.7949265013345,6273.808900498622,1701.971228334827,HIGH,2770.5197853388618
Manipur,Bishnupur,1117,1117.000000000009,42050.34312809794,30278.742708394355,2.5567661600439706,813.9146606896052,6469.506783228291,1701.625716838474,HIGH,2493.9920163070665
Chhattisgarh,Janjgir-champa,4639,4638.99999999999,112176.27511482972,180622.76530595412,10.618476469511062,862.3484435227022,6310.324146999652,1696.424594102135,HIGH,2682.364842076754
Andhra Pradesh,Vizianagaram,3856,3855.9999999999936,78891.25402622805,159969.0977979666,8.82622230360739,864.8214437375643,6192.905154892265,1673.6396195383174,HIGH,2697.924600722106
Chhattisgarh,Kabeerdham,955,955.0,27106.152210515775,32572.218204816414,2.185954953305257,826.1129633214242,6242.507365620522,1662.2137412708082,HIGH,2561.5799080724946
Chhattisgarh,Bemetara,2771,2770.999999999997,58724.32513659893,111768.11655683469,6.34270280168467,855.8566733073083,6150.520984611602,1659.9353444164801,HIGH,2660.725608025441
Maharashtra,Gondia,29,29.00000000002092,999.2353615892857,871.0760376566379,0.06637978392240647,780.175333786662,6234.371330819746,1636.981846992457,HIGH,2423.0022928730045
Punjab,Ferozepur,1381,1381.0000000000086,28195.94995983674,55347.473424935706,3.161051089544061,843.3288499215892,6045.110230446631,1631.634786376984,HIGH,2624.4660514885936
Punjab,Faridkot,902,902.0000000000109,14762.223841453868,39296.85247746572,2.0646401757920056,860.396885712751,5986.608673191538,1628.139569547421,HIGH,2681.3595041258
Andhra Pradesh,East Godavari,7678,7677.999999999981,156030.64554357372,301832.96447906917,17.574620032960965,830.9966332092087,5962.542128176102,1613.279128249713,HIGH,2585.175232294254
Punjab,Sri Muktsar Sahib,1315,1315.00000000001,21748.001696844345,56210.9695558857,3.0099798571690415,848.272393454715,5923.9339857697605,1609.8259878384604,HIGH,2640.944529932347
Chhattisgarh,Kawardha,2142,2141.999999999995,67009.90230368201,60790.778600131125,4.902948177989371,767.707512251994,5963.634199897953,1578.0514805589846,HIGH,2366.8950711743937
Andhra Pradesh,West Godavari,5935,5934.999999999986,126763.06876605793,220419.66559630708,13.584966123420598,807.7556914842381,5848.765740605879,1577.706483700321,HIGH,2507.7054265443517
Maharashtra,Gondiya *,57,57.0000000000191,2026.4278329698109,1460.3204879113991,0.13047060977847266,730.4648708362516,6011.635036002086,1567.5985838014767,HIGH,2258.967416371637
Andhra Pradesh,Ananthapur,1994,1994.0,30035.430964972336,84111.73854269694,4.564182384178725,826.0533957530944,5721.662631963372,1558.7284789844753,HIGH,2570.364440773873
Maharashtra,Washim,3386,3386.0000000000155,53839.325049389816,138637.62218932682,7.750412012451973,813.271745915952,5682.815094145753,1545.5240153908624,HIGH,2533.323666637305
Andhra Pradesh,Adilabad,1419,1419.0,29256.304575603925,52043.41897427141,3.248031496062994,793.6495378896277,5725.332644357418,1542.8657072651163,HIGH,2460.6849145623173
Chandigarh,Chandigarh,2720,2719.9999999999673,83319.87863518378,74443.1167188859,6.225965940303903,761.6986358096676,5797.978513563752,1542.3128103996753,HIGH,2297.9469619104643
Arunachal Pradesh,Dibang Valley,10,10.000000000015461,155.82563716678135,456.7595925595603,0.02288958066291766,826.9940704554477,5568.956633875832,1527.2952288770891,HIGH,2586.734943199449
Andhra Pradesh,Visakhapatnam,8178,8177.99999999998,156030.64554357372,301832.96447906917,18.719099066105073,802.4579688724053,5598.039002599864,1526.452514676007,HIGH,2490.0463511715757
Chhattisgarh,Jashpur,2543,2542.9999999999945,70990.36283142024,74560.57396981659,5.820820362570949,751.964883506853,5721.3418553945285,1521.9970589411037,HIGH,2314.419642023924
Punjab,Moga,1535,1535.0000000000086,23997.8868243572,61316.40658684923,3.513550631752448,798.9035081804725,5554.315977292085,1511.369014738179,HIGH,2476.3815790182052
Nagaland,Meluri,17,17.000000000025466,102.78146504256553,876.3197479980053,0.038912287126958156,825.0129746885287,5439.451183558726,1500.4083977421478,HIGH,2569.6922267989976
Maharashtra,Gondiya,2890,2890.000000000015,63624.124408161464,96490.02324208495,6.6150888115730115,755.106224376504,5538.365536155186,1487.2107460627612,HIGH,2339.438594839144
Maharashtra,Washim *,32,32.00000000002001,1000.0598660758602,854.2748948553914,0.07324665812126907,707.8548551386308,5619.196245246217,1477.788650615995,HIGH,2181.9340307129005
Arunachal Pradesh,Namsai,150,150.00000000001364,2103.4388660563154,6058.263027108392,0.3433437099432653,779.1881910348792,5405.100591499806,1470.717216930384,HIGH,2422.3820117975542
Chhattisgarh,Surguja,3556,3555.999999999989,115694.88473904361,82837.98351124894,8.13953488372091,702.9067289470379,5581.4694475764,1470.1891144539152,HIGH,2150.8924601578733
Mizoram,Kolasib,275,275.0000000000082,3823.814025673259,10895.320013609433,0.6294634682292812,795.8629108194943,5333.019579450251,1464.724210340266,HIGH,2411.205562646325
Maharashtra,Buldana,1075,1075.0000000000205,22938.33889370504,35745.75594900804,2.460629921259891,745.1884323196666,5453.912160103446,1464.1148371569004,HIGH,2308.0459546496863
Maharashtra,Kolhapur,7480,7480.000000000004,129938.04105720785,271072.75242924417,17.12140633583595,756.089478165514,5360.390235081567,1455.2592079998212,HIGH,2342.716107469178
Maharashtra,Akola,4708,4708.000000000012,62078.629034362326,185126.46281108714,10.776414576085,764.4481677709585,5249.630321627723,1435.3830725838493,HIGH,2370.578406153993
Andhra Pradesh,Nalgonda,1167,1166.9999999999977,29909.072901536878,32656.485228727368,2.671214063358356,707.25416177935,5356.640250878788,1425.7564952844402,HIGH,2172.7003275280586
Andhra Pradesh,N. T. R,933,932.9999999999927,38058.114272544415,13597.64745038779,2.135597875846899,631.1059824220908,5530.595473547346,1422.3127652832686,HIGH,1958.8730630038613
Chhattisgarh,Koriya,1763,1762.999999999999,31766.18333558897,60899.58506730632,4.035433070866143,740.3312441086157,5253.161474087034,1422.0085467929744,HIGH,2275.6408440297996
Chhattisgarh,Raigarh,4956,4955.99999999999,83354.57591887553,173588.4134291522,11.344076176524432,740.6656685540818,5183.4373481546845,1410.4235267609351,HIGH,2276.755592181353
Andhra Pradesh,Ananthapuramu,3187,3186.9999999999945,55993.28439889473,109456.64354965408,7.294909357260567,732.1462055772906,5189.771892990866,1406.2159541939968,HIGH,2255.673806854527
Daman and Diu,Diu,62,62.00000000001273,462.0863752863501,2749.1361509423223,0.14191540010989923,771.0947537087037,5097.1786130613855,1405.0256740866619,HIGH,2389.8824273740365
Chhattisgarh,Korba,3542,3541.999999999992,83361.35407587036,101848.20732417141,8.107489470792881,703.8103957971771,5227.478447644419,1399.8331342687104,HIGH,2153.9046829916706
Chhattisgarh,Baloda Bazar,4944,4943.999999999988,116506.14564829254,141251.44273531612,11.316608679728969,699.2324399456081,5212.489148303512,1395.5090322374251,HIGH,2138.6448301531077
Chhattisgarh,Gariyaband,1542,1541.999999999999,27402.598055185445,52033.72447925122,3.5295733382164443,727.1151050832643,5148.173851875351,1394.2511949181674,HIGH,2233.2537139452947
Andhra Pradesh,Krishna,6737,6736.999999999985,111918.60043850477,233228.3631432956,15.420710492583753,727.1079265505167,5122.394829056105,1392.6591422342544,HIGH,2238.879543431947
Maharashtra,Satara,6021,6021.000000000007,98223.76006754008,209565.8023898083,13.781816517121431,724.4607540125451,5111.085394509271,1388.5820008632631,HIGH,2238.953693625948
Andhra Pradesh,Chittoor,8195,8194.99999999998,169565.21257635744,251390.13291793346,18.758011353231975,704.9191984264625,5136.107192463286,1385.308441111858,HIGH,2164.9171163517663
Chhattisgarh,Mungeli,2957,2956.9999999999936,70552.25644610061,82595.00757951743,6.768449002014274,694.0951342848047,5177.392292955309,1384.5565604340684,HIGH,2121.5204779504293
Haryana,Panchkula,1384,1384.0,34354.86271017533,37375.88917461701,3.1679179637429065,686.0670697863145,5179.115659551794,1379.807042192639,HIGH,2105.084928012576
Arunachal Pradesh,Anjaw,37,37.000000000010004,739.5507609136539,1209.9322623571463,0.08469144845268729,698.0950711376499,5130.21848229158,1375.1166394616766,HIGH,2152.0716121401238
Punjab,Fatehgarh Sahib,1048,1048.0000000000086,15377.333786536105,37392.24932075999,2.398828053470082,725.4274545587847,5030.4655011721725,1369.526475929868,HIGH,2231.4614002792455
Arunachal Pradesh,Kurung Kumey,75,75.00000000001546,336.41160911409264,3411.637528118544,0.1716718549716524,763.4644627853354,4931.64360162189,1368.1124532735373,HIGH,2371.6362509657415
Chhattisgarh,Narayanpur,762,761.9999999999991,16724.16759373641,22079.120224547798,1.7441860465116268,694.138637376147,5085.62094603987,1364.716763710001,HIGH,2123.3321549215707
Maharashtra,Ahmadnagar,11836,11835.999999999993,227658.94898249677,363547.907984193,27.09210767258744,690.0354721109024,4994.566672017318,1352.058702760691,HIGH,2122.5360872871393
Punjab,Bathinda,2704,2704.0000000000045,37263.2519704886,96385.66410436887,6.189342611243377,719.9413234857813,4940.810206094546,1349.989505745173,HIGH,2213.1742967025675
Chhattisgarh,Uttar Bastar Kanker,888,888.0,13565.60022878168,30261.939970012518,2.032594762863946,708.5282411000899,4929.98202461127,1340.8703039011582,HIGH,2171.2975006680467
Maharashtra,Latur,7607,7607.000000000004,125617.06912882632,246752.64011917598,17.412104010254552,691.404057779022,4894.449385488989,1329.8155371903852,HIGH,2127.098039514204
Maharashtra,Jalna,5590,5590.000000000009,79558.26182159994,192671.06407567122,12.795275590551212,701.2523310352619,4869.063242662693,1328.277396727335,HIGH,2159.9256170350045
Tripura,West Tripura,2802,2802.0000000000036,44343.90864161465,92252.22993421876,6.413660501739621,698.0038291821027,4873.212221756454,1325.568457092864,HIGH,2130.398224365236
Punjab,Barnala,1013,1013.0000000000082,13507.05612660385,35608.8031656506,2.318714521149993,704.5809308047716,4843.773105745015,1321.7407009077338,HIGH,2161.9729877658683
Punjab,Sangrur,2329,2329.0000000000055,29917.090917862082,82518.62141741303,5.330983336385294,705.432957023146,4825.567053016099,1319.4291841157083,HIGH,2164.81307516045
Punjab,Fazilka,1911,1911.0000000000055,31668.13958049515,61315.700436849394,4.374198864676815,689.7452373636902,4863.171549024296,1318.8191881461073,HIGH,2112.5206762955972
Maharashtra,Solapur,12292,12291.999999999989,265534.74625270354,334496.55438555795,28.13587255081486,658.8345265737487,4881.081108258859,1314.0742467038906,HIGH,2018.5329354966268
Mizoram,Aizawl,1059,1059.000000000004,12831.798606723594,37645.298178221674,2.424006592199242,717.7439646972563,4761.990262730686,1311.997236872425,HIGH,2152.4757422388648
Andhra Pradesh,Guntur,9729,9728.999999999978,177247.9671594907,291683.31868555857,22.269273026918114,672.1550635739889,4819.437675694237,1306.6458488339174,HIGH,2055.7033335101873
Maharashtra,Nanded,11947,11946.999999999993,237965.39149956935,338283.01137470553,27.34618201794543,664.610489253875,4822.969558706686,1305.1030109736585,HIGH,2037.7861444303815
Manipur,Kakching,109,109.0000000000091,3285.2493816342158,2220.4389114384785,0.24949642922543758,605.0158164558766,5005.171175520632,1303.6169922608321,HIGH,1845.9958688613049
Chhattisgarh,Kanker,1705,1704.9999999999982,28848.748786840384,53212.39587069307,3.9026735030214232,680.671911096253,4810.1491592927,1303.536589457573,HIGH,2076.776400655257
Jammu and Kashmir,Budgam,859,858.9999999999991,18622.254531041166,23255.52327531077,1.9662149789415848,655.7710460329344,4869.509047250225,1302.3771969601949,HIGH,2004.141845469286
Punjab,Rupnagar,1246,1246.0000000000086,13643.088862323659,45459.37763929721,2.8520417505951507,704.6440697648675,4739.572293634392,1301.0921061344907,HIGH,2162.1834509661885
Goa,South Goa,977,977.0000000000045,16255.594166817273,30592.886306703294,2.2363120307636084,675.4553435033981,4790.233177251592,1296.4452008112467,HIGH,2071.7299263446453
Maharashtra,Parbhani,6272,6272.0000000000055,116685.01608486011,183948.1625527613,14.356344991759773,663.9748006028922,4792.4944785209855,1294.793199503171,HIGH,2035.6671822604383
Tamil Nadu,Kanniyakumari,2275,2275.000000000001,38672.120560881594,69430.97032302486,5.2073796008057185,668.1974941622558,4749.696436024009,1285.6002481661715,HIGH,2045.1507231846203
ODISHA,NUAPADA,1,0.9999999999690772,54.408562992495796,47.32356640794153,0.0022889580662174462,528.6804795187381,5086.606470021866,1281.662220451162,HIGH,1607.0721866310876
Maharashtra,Buldhana,7084,7084.0000000000055,114157.89852210901,219530.7146229151,16.214978941585816,666.0304119590916,4709.789882075146,1279.837676077051,HIGH,2042.5192201144366
Punjab,Jalandhar,4118,4118.0,51156.28138635989,141239.21463964751,9.42592931697492,685.143863081938,4670.92731308588,1279.5851729532376,HIGH,2097.1827620230897
Puducherry,Karaikal,405,405.0000000000018,5468.325701816278,13497.396096647492,0.9270280168467362,677.8399211212777,4671.360048882701,1273.4700787422332,HIGH,2074.9107658928688
Ladakh,Leh,125,125.00000000001091,3251.0555988963474,2787.8978437869036,0.2861197582860534,628.0908560957555,4792.8201926057545,1272.6953024965144,HIGH,1902.8978660274038
Maharashtra,Raigarh,5230,5230.000000000009,85893.07126319784,156659.0840745189,11.971250686687448,653.0722262087179,4636.821933429875,1257.4918749963401,HIGH,1999.325267613191
Chhattisgarh,Raipur,7041,7040.999999999984,133048.85257352985,192617.84344671006,16.11655374473537,640.4804494185207,4624.633570295937,1250.0019048918684,HIGH,1942.8048617294828
Haryana,Sirsa,3335,3334.999999999996,55177.95144122794,97134.94151674806,7.633675151071229,643.4954131734964,4565.734201378177,1237.184649407705,HIGH,1961.5127393031823
Uttarakhand,Udham Singh Nagar,6095,6094.999999999981,135601.525946952,145421.7850411981,13.9511994140267,620.5956283308965,4609.962450593013,1236.475664108259,HIGH,1862.5696735504112
Punjab,Firozpur,395,395.0000000000082,6559.105188788204,11449.228791350599,0.9041384361838686,641.7285752662411,4547.5590858936375,1230.6473463427033,HIGH,1952.4651359707668
Andhra Pradesh,Kurnool,11770,11769.999999999975,177643.53353940058,350618.66230984445,26.941036440212372,641.2221515909829,4487.827676911435,1226.2589221098424,HIGH,1952.593626900168
Dadra and Nagar Haveli,Dadra and Nagar Haveli,744,743.9999999999964,6133.034623279782,26816.756652866756,1.7029848013184326,681.9121072456574,4422.790775321683,1226.025104127561,HIGH,2080.7462615451095
Chhattisgarh,Sarangarh-Bilaigarh,186,185.9999999999909,8061.7245060426185,1025.9464888019895,0.4257462003295894,496.126844010765,4859.717109542571,1220.1345677739955,MEDIUM,1578.2928437036305
Mizoram,Mammit,79,79.00000000000637,619.8386872910498,2795.942712227318,0.18082768723678452,683.0363108513229,4269.72674939796,1195.5177536114245,HIGH,2035.1168960857535
Andhra Pradesh,Prakasam,7623,7622.999999999984,120456.95013150162,212355.24945470627,17.448727339315116,618.4259488150118,4365.322659840082,1187.512124577317,HIGH,1876.6062843135974
Maharashtra,Nagpur,11828,11827.999999999996,158899.46162086105,350911.69668198994,27.073796008057144,622.2093945748298,4309.841561440959,1181.195148378024,HIGH,1896.4491621668974
Maharashtra,Chatrapati Sambhaji Nagar,211,211.00000000001364,7492.852180409097,2252.5620180070005,0.4829701519868472,509.7230174687942,4596.893489818914,1174.385097743776,MEDIUM,1611.494571813445
Andhra Pradesh,Cuddapah,5934,5933.999999999988,83584.08059442836,170856.76656985498,13.582677165354312,616.9977681903703,4287.12463629795,1169.9986145043815,HIGH,1871.845682231459
Jharkhand,Simdega,2079,2079.0000000000086,26087.277177424265,62709.68455126159,4.758743819813244,625.9840903679892,4269.084698494513,1168.2366080288411,HIGH,1893.951697091365
Maharashtra,Jalgaon,13260,13259.999999999993,151309.96764079464,405204.17060838826,30.351583958981877,630.3802929054995,4196.6227150982795,1163.6201646601003,HIGH,1925.3521566024626
Haryana,Fatehabad,2612,2611.9999999999973,42056.91070599957,70147.43728726737,5.978758469144843,603.4610324174416,4294.081438701375,1162.3404314897393,HIGH,1828.064803449666
Andhra Pradesh,Nellore,5367,5366.99999999999,68124.89234894278,158469.8146677899,12.284837941768892,615.4702433810392,4221.212872889953,1155.663147651041,HIGH,1866.753932867022
Tripura,North Tripura,1488,1488.0000000000068,14949.982048693191,47486.76041629488,3.4059696026368975,630.6023923966686,4193.199628273208,1154.962912733767,HIGH,1905.7267684137887
Gujarat,Narmada,1280,1280.00000000001,14724.502384027102,39193.03271137661,2.9298663248489536,622.7558796087437,4209.019133130657,1154.060726327958,HIGH,1885.9063684743046
Tamil Nadu,Ariyalur,2412,2412.000000000002,23277.311943900753,77527.78416722277,5.520966855887208,626.376190421068,4177.583759267448,1150.3611371207899,HIGH,1905.746377380661
Telangana,Adilabad,2987,2986.9999999999995,45932.98597953245,80274.73469829185,6.837117744002934,597.7100443015545,4223.8192997933165,1145.6700174326415,HIGH,1815.4519236492213
Arunachal Pradesh,West Siang,192,192.00000000000819,3558.4628946718617,4647.91055099397,0.4394799487273583,582.3475062308673,4252.006966666234,1141.7069904332986,HIGH,1766.2463957841812
Maharashtra,Beed,10185,10184.999999999998,171140.32011629338,255498.02011139898,23.31303790514559,583.7938300238183,4188.477716745459,1136.5863697325444,HIGH,1768.3972803301924
Goa,North Goa,1354,1354.0000000000045,18891.38527067048,37710.03992066685,3.09924922175427,600.1869721284438,4177.226951390209,1136.4686511087903,HIGH,1820.835355094798
Haryana,Yamuna Nagar,3396,3395.9999999999955,52908.51356976307,88726.56586238374,7.773301593114809,590.2694265164339,4169.416527293106,1131.3500091947726,HIGH,1784.0927837796403
Andhra Pradesh,Y. S. R,823,822.9999999999927,28200.451760500837,8569.352613727959,1.8838124885551941,476.25013126651845,4462.3548997850485,1131.1611893368354,MEDIUM,1557.6868924852863
Kerala,Pathanamthitta,1951,1951.0000000000055,21014.626489387498,59359.51634731059,4.465757187328344,611.6112057092656,4117.527809257075,1130.6508918622465,HIGH,1853.4401588609992
Haryana,Kurukshetra,2404,2403.9999999999986,28811.192434267956,70151.61327363986,5.502655191356895,602.1508880739958,4114.877576212383,1125.7017558368816,HIGH,1823.69765563818
Andhra Pradesh,Karimnagar,659,658.9999999999991,10293.953473245117,17125.500253029008,1.5084233656839396,588.1246961934507,4154.46268579911,1125.4074122662525,HIGH,1775.602108908394
Telangana,Warangal,2952,2952.000000000001,29129.47732848444,91621.16852390471,6.757004211682849,609.6846645609558,4089.083841936646,1124.686201931312,HIGH,1857.0339911805586
Maharashtra,Sangli,7632,7632.0000000000055,89903.01531940576,222751.23765329566,17.469327961911763,600.3611992363232,4096.086112573057,1124.6386205213466,HIGH,1823.621844371875
Uttarakhand,Champawat,866,865.9999999999945,12365.12478538863,23267.106310541196,1.9822376854055923,596.361295671562,4109.830576231814,1120.7414343877654,HIGH,1781.7885646859627
Andhra Pradesh,Rangareddi,1883,1882.9999999999973,22228.902229260795,54563.99789505486,4.310108038820725,599.0849140331045,4076.0562698681347,1116.0467434018256,HIGH,1812.1361683739067
Tripura,South Tripura,2158,2158.0000000000045,30667.386840858584,57624.382110229155,4.939571507050005,589.6906663576661,4089.4751714260187,1114.2222389161518,HIGH,1769.3543482837806
Tamil Nadu,Dindigul,6083,6082.999999999994,57635.097641401146,186149.537968058,13.923731917231272,601.7474504371107,4006.9795465065604,1106.4467540950368,HIGH,1823.6505774341367
Odisha,Gajapati,1994,1994.0000000000036,21316.126942054332,58912.14840665744,4.564182384178733,595.3391723361547,4021.467436025653,1103.3323280884615,HIGH,1807.659106351306
Madhya Pradesh,Dindori,2659,2658.9999999999964,47373.557654290686,61321.93139843843,6.086339498260387,568.1628640010352,4086.296580929666,1103.166650035929,HIGH,1701.8142641704446
Dadra and Nagar Haveli and Daman and Diu,Dadra and Nagar Haveli,88,87.99999999999272,1695.7359590217045,1933.8642200115294,0.20142830983334734,567.9379449323314,4078.202448351948,1099.6698906295055,HIGH,1689.974824339999
Punjab,Patiala,5150,5149.999999999996,89057.44725002133,119315.79803570548,11.788134041384362,562.1742326271268,4045.296938181456,1093.68294416227,HIGH,1687.283993840386
Haryana,Kaithal,2991,2990.999999999997,39973.255710928905,79922.85357194347,6.84627357626808,579.3248601463177,4007.2229038393175,1093.160892913903,HIGH,1747.610895879253
Arunachal Pradesh,Lower Subansiri,105,105.00000000000819,1440.3630106680164,2806.350916154605,0.2403405969602826,563.7938233818642,4006.333893228888,1083.2357925157978,HIGH,1704.4007862875042
Arunachal Pradesh,Upper Subansiri,143,143.00000000001,1466.8674551487738,4218.973677956627,0.32732100347923937,586.0147711779921,3948.5007868787507,1082.8057392657902,HIGH,1780.137278941264
Punjab,Shaheed Bhagat Singh Nagar,946,946.0000000000073,6340.2441763813,30516.60804265286,2.1653543307086793,602.2957692030641,3891.959051640355,1080.1893012288158,HIGH,1821.02244909351
Delhi,North West Delhi,16043,16042.999999999975,313975.6713629097,325293.92266280175,36.72175425746197,540.0520161962356,3984.477649125601,1077.9380642004767,HIGH,1611.946579567405
Andhra Pradesh,Annamayya,1021,1020.9999999999918,33559.2645268404,9719.797564085027,2.337026185680261,448.0527312070265,4234.74188756609,1071.6758509724355,MEDIUM,1472.02889228698
Andhra Pradesh,Nandyal,905,904.9999999999936,27385.13660291033,10650.640464540289,2.071507049990831,458.4635372944815,4198.209389343335,1069.495098630905,MEDIUM,1503.3982459118301
Orissa,Balangir,436,436.0000000000109,4886.02607552116,12062.498062196559,0.997985716901692,568.5252997058388,3878.380809546389,1060.2382074772677,HIGH,1719.4230963744378
Andhra Pradesh,Parvathipuram Manyam,508,507.99999999999727,9443.210333129493,10653.019210831933,1.1627906976744131,537.8006844762463,3948.178692330339,1058.8849179134932,HIGH,1607.855403184379
Uttarakhand,Bageshwar,742,741.9999999999955,6929.953022493949,21505.74743916408,1.698406885185854,582.7245704069129,3827.146764691525,1057.3011602073173,HIGH,1736.3328138037994
Chhattisgarh,Bilaspur,8941,8940.999999999982,153320.93698916168,195038.23926906928,20.465574070682997,542.2340698967289,3895.763545719424,1056.4094163134541,HIGH,1615.316929990177
Chhattisgarh,Gaurela-pendra-marwahi,140,139.99999999999545,3454.5950091420646,2256.186224486483,0.3204541292803414,483.4416816970449,4050.199456474147,1051.8568683821359,MEDIUM,1551.0089693245632
Andhra Pradesh,Kakinada,969,968.9999999999936,28226.84057086978,11749.433625986308,2.2180003662332775,453.10232617292854,4121.265381119184,1051.469639420171,MEDIUM,1487.1942088399867
Andhra Pradesh,Palnadu,860,859.9999999999936,25315.74139129736,10198.525308892355,1.9685039370078607,451.4778528617226,4124.769651589978,1051.2834079299594,MEDIUM,1481.7792978026337
Andhra Pradesh,Eluru,629,628.9999999999936,17574.261902617258,8256.014246073844,1.4397546236952803,456.43089265337335,4100.043833125572,1048.6561393389097,MEDIUM,1499.9560971081362
Jharkhand,Pashchimi Singhbhum,599,599.0000000000091,9101.49361254697,14053.487980787091,1.371085881706669,549.8069804259375,3859.1635988890102,1047.147535755283,HIGH,1643.361330617859
Punjab,SAS Nagar (Mohali),2953,2952.999999999999,58070.42716935263,57787.980778701,6.7592931697491325,520.6965061578784,3922.0855771175907,1046.7931564533822,HIGH,1579.024905609558
Chhattisgarh,Kondagaon,3038,3037.999999999992,61933.38697591237,57294.52316424146,6.953854605383615,515.6223156058242,3923.2612747664966,1044.5495691378264,HIGH,1564.9444156871612
Chhattisgarh,Surajpur,2977,2976.9999999999936,42064.602484406365,71855.3710535797,6.8142281633400374,549.6188112964837,3825.385276628142,1041.9307294228722,HIGH,1639.9327346560262
Tamil Nadu,Chennai,10043,10042.999999999985,148362.7267034754,233060.1175162828,22.98800585973263,538.5948706830653,3797.5193570266647,1035.6977085047854,HIGH,1613.1419782539854
Tamil Nadu,Tiruppur,6192,6191.999999999993,85920.92712299459,148746.9713310592,14.173228346456684,542.9150960056845,3789.244283126979,1033.5583731321751,HIGH,1627.5427293293826
Andaman & Nicobar Islands,Andamans,75,75.0000000000091,742.3251902322233,2136.764989264727,0.17167185497163784,546.3304762813829,3788.276551969672,1030.8720500911172,HIGH,1629.7563001900385
Maharashtra,Mumbai,14552,14551.999999999993,135486.9732894727,404340.84393025114,33.30891778062626,556.2273486355336,3709.391996287527,1029.98474890946,HIGH,1678.1756757025769
Tamil Nadu,Coimbatore,8986,8985.999999999987,117774.59837195737,219668.9001819704,20.56857718366598,542.316909065609,3754.795800088213,1028.288187705547,HIGH,1625.5487728624644
Kerala,Idukki,1698,1698.000000000005,15508.27905159416,47575.23863135361,3.8866507965574213,563.6909238047048,3712.979263269439,1025.6073097952076,HIGH,1693.7058858457958
Haryana,Bhiwani,3489,3488.9999999999964,34280.93256372106,95618.62164235202,7.986174693279616,557.5916917591475,3722.0502637843288,1025.6017510444235,HIGH,1675.1670012553525
Tripura,Khowai,339,339.0000000000082,3481.855962776508,9198.192027192492,0.7759567844717277,558.7243570587704,3729.425879402647,1025.480141445256,HIGH,1667.7999839541278
Maharashtra,Nashik,22368,22367.999999999978,246090.2013627687,576570.7707598119,51.19941402673501,540.95900427909,3677.6832765102617,1021.3759816496179,HIGH,1628.9478611810978
Punjab,Muktsar,334,334.0000000000073,3588.562075274897,8871.407767844583,0.7645119941402845,550.9710221962745,3719.39398302074,1019.5936613005274,HIGH,1651.6066257375448
Odisha,Sundargarh,591,591.0000000000045,7031.338550761146,15034.904190262663,1.3527742171763526,543.3866237299694,3727.4058684161837,1017.5803178133744,HIGH,1634.483944330689
Punjab,Gurdaspur,5120,5119.999999999997,71878.75077942756,119262.51532089579,11.719465299395717,534.7495913270204,3732.498849840331,1017.3904052213951,HIGH,1595.8685228400311
Uttarakhand,Chamoli,1090,1089.9999999999932,11822.980477913281,28432.293744102168,2.494964292254152,552.6221594794401,3689.7593237411043,1015.0114337756172,HIGH,1635.9914440455566
Punjab,Tarn Taran,2939,2939.0000000000027,27408.474254886605,80662.48646689203,6.7272477568211055,554.0743988704099,3675.883017747573,1014.231977311766,HIGH,1661.9512146513298
Haryana,Rewari,2485,2484.9999999999955,44048.80227922098,49744.97062665647,5.688060794726233,513.1393375811994,3772.8790388526727,1012.8518947995522,HIGH,1541.9924873288583
Andhra Pradesh,Bapatla,492,491.99999999999363,13508.534436913256,6023.292181231293,1.1261673686137932,437.3553171451991,3961.8309570272922,1011.3817001886422,MEDIUM,1438.0375120808883
Odisha,Baleshwar,845,845.0000000000045,10299.438117782702,21030.024488993666,1.9341695660135623,538.1250947448113,3703.2461710137554,1010.2920324449608,HIGH,1618.6121810468283
Uttarakhand,Pithoragarh,1220,1219.9999999999932,14711.619772548096,30161.803581303288,2.792528840871621,544.0543630816711,3675.137047817476,1007.8923497565922,HIGH,1607.4321227196601
Punjab,Nawanshahr,192,192.00000000000546,3011.8331121350598,4204.334979074792,0.4394799487273521,519.6069689768564,3738.9471975180577,1007.724767976658,HIGH,1552.059781672818
Punjab,Pathankot,1115,1115.0000000000045,14599.29874373627,26701.111952476796,2.5521882439113837,533.3875576619755,3700.753646614074,1007.610164626976,HIGH,1591.328410623215
Telangana,Karimnagar,5808,5807.999999999994,77991.88594454678,135933.23953913886,13.294268449002008,527.8724099282551,3682.649775928484,1004.454440684525,HIGH,1582.6598090715568
Odisha,Dhenkanal,2891,2891.000000000001,29257.071560042215,76115.18350754493,6.617377769639267,542.3778372704176,3643.5772844947146,1001.8895888650436,HIGH,1629.4546561321822
Himachal Pradesh,Solan,1176,1176.0000000000036,9016.761356393223,33586.93864367589,2.6918146859549634,553.4362403892807,3619.685641467214,1001.4627928938696,HIGH,1664.7503348696748
Odisha,Cuttack,5080,5079.999999999997,48591.70832486052,134643.33913096343,11.627906976744187,540.5697122801271,3606.2792256607745,995.0290733652417,HIGH,1623.427572831214
Odisha,Jharsuguda,1157,1157.0000000000027,16676.011384262467,25806.912184132227,2.648324482695485,519.7376085610476,3668.646249429593,994.3925515112511,HIGH,1555.653893767616
Karnataka,Bangalore,7016,7015.999999999998,51846.24706638742,198888.0379516074,16.0593297930782,549.4857235137089,3573.240487644219,994.2087582236217,HIGH,1649.1656242721874
Andhra Pradesh,Anantapur,4415,4414.99999999999,68416.65481766163,93525.83652295479,10.105749862662499,515.3293530469008,3667.1759814451184,994.1315977712728,HIGH,1536.2842984198942
Kerala,Wayanad,1516,1516.000000000004,18138.07314039409,36841.716749214786,3.4700604284929617,530.2514523286038,3624.2445543578688,991.0156551644236,HIGH,1582.2409809254596
Maharashtra,Bid,568,568.0000000000155,11859.623807977023,9768.421672503937,1.3001281816517485,459.665555751534,3801.062474601223,990.4353112505072,MEDIUM,1504.6363660892443
Tamil Nadu,Theni,3473,3472.999999999998,38656.06961925369,86613.21818398242,7.949551364219008,532.5504196979099,3605.9092631904464,989.84192789631,HIGH,1592.9938083034672
Kerala,Kozhikode,6704,6703.9999999999945,89927.93616045114,152199.123225394,15.34517487639626,519.266291641667,3611.1418252922467,986.4650633422018,HIGH,1547.290445302337
Tamil Nadu,Krishnagiri,5075,5074.9999999999945,61905.82934531309,120927.839760416,11.61646218641274,523.9767189499748,3601.9241352586505,985.8581251826413,HIGH,1566.0814724770169
Tamil Nadu,Erode,6017,6016.999999999993,68436.30695426067,147600.07136209958,13.772660684856247,527.0948044776119,3589.8367948880064,985.6465594218641,HIGH,1576.4750909024738
Puducherry,Puducherry,1330,1329.9999999999968,19774.218267506752,28438.226087180767,3.044314228163335,514.4463617920258,3622.2723031320447,982.5909357908708,HIGH,1531.9322347953619
Odisha,Ganjam,7714,7713.999999999992,94623.97284203485,181892.94886591934,17.657022523347365,520.5662526621179,3584.14674929299,982.4095829466612,HIGH,1556.7493741045168
Kerala,Kollam,5069,5068.999999999998,53073.1332521312,127113.2991977643,11.60272843801502,529.4272987725883,3553.973026625157,978.9890732427302,HIGH,1579.493802405408
Tripura,Gomati,679,679.0000000000055,9765.976209278308,14739.78235637224,1.5542025270097186,514.5203044546394,3603.7880243603745,978.4840178574975,HIGH,1522.1198086070247
Tripura,Dhalai,1420,1420.000000000006,15452.767671142037,35036.219456372746,3.2503204541292963,528.2087003437517,3553.0603186146927,975.6915100310532,HIGH,1566.0811282373993
Odisha,Nayagarh,2362,2362.0000000000023,22951.50968559591,60820.250820255824,5.406518952572798,530.0511226720113,3545.1443294901287,975.6763829198032,HIGH,1588.3656074708283
Jammu and Kashmir,Shupiyan,666,665.9999999999973,8213.16184467207,15557.26179465939,1.5244460721479531,518.1536554085656,3563.7816550721823,972.2904925403636,HIGH,1543.750543388057
Haryana,Jind,3821,3820.999999999995,44029.13461451942,91222.92944174608,8.746108771287304,520.1499782698926,3538.7771861921897,970.4542590047704,HIGH,1550.3612896245024
Gujarat,Ahmedabad,19130,19129.999999999978,267872.493584353,405466.05706081656,43.78776780809373,502.0785228847891,3519.620253228632,968.099642430549,HIGH,1490.315179394456
Haryana,Karnal,4048,4047.9999999999945,49109.46952610409,94112.3797071443,9.265702252334732,515.3153116839019,3537.2153428809183,967.8804350938351,HIGH,1535.9124010045336
Manipur,Ukhrul,781,781.0000000000064,15165.188367890083,13661.974938848844,1.78767624977112,459.41795846791206,3686.338018764569,967.5128858618011,MEDIUM,1467.3363422347563
Uttarakhand,Almora,1367,1366.9999999999918,15791.977746724178,32366.56449426369,3.1290056766159875,524.0021360607104,3520.3612749260137,967.0120247185428,HIGH,1540.5913659831242
Andhra Pradesh,Karim Nagar,82,81.99999999999818,1192.1347617883953,1800.627785938994,0.18769456143563046,489.2630300607866,3605.7380093101083,965.8354252608457,HIGH,1446.0632217995137
Kerala,Alappuzha,3559,3559.000000000001,36833.45375648919,87635.37227710035,8.146401757919802,520.8287351819143,3496.3153380221784,962.1213557227688,HIGH,1550.8319237698283
Tamil Nadu,Thoothukkudi,5319,5318.999999999995,44724.50844082561,139972.46897667003,12.17496795458707,527.5177758959621,3471.747695817587,961.7609174978746,HIGH,1576.2183289636414
Uttarakhand,Pauri Garhwal,1856,1855.9999999999914,21176.724234810492,43817.58876710926,4.24830617103093,520.5452639539761,3499.9630049499056,961.5397248182785,HIGH,1529.068458960677
Odisha,Baudh,171,171.00000000000637,1087.8540340889524,4835.022947098167,0.3914118293353014,536.3203165256325,3443.533128597162,956.9842075310493,HIGH,1612.5962536495654
Tamil Nadu,Ramanathapuram,4005,4004.9999999999973,38311.67195728906,100493.19887027757,9.167277055484343,519.7010654523809,3464.924384112996,955.5855926654351,HIGH,1550.162627485037
Tamil Nadu,The Nilgiris,1714,1714.0000000000018,15266.331756176654,44089.041257412355,3.923274125618025,523.4531986557405,3460.9546946699124,955.0945204995382,HIGH,1562.6697381629026
Himachal Pradesh,Kinnaur,163,163.00000000000546,1212.0022460675752,4417.194104115614,0.37310016480499353,529.9945414901329,3432.4367988921886,951.5965605729457,HIGH,1584.9446718725155
Uttar Pradesh,Sonbhadra,5034,5034.000000000006,72115.8679614958,103755.85021753974,11.522614905694951,492.51559467782295,3492.9834792261277,948.3112776558455,HIGH,1469.9542853165979
Andhra Pradesh,Anakapalli,543,542.9999999999936,13504.229252782183,6605.405371560833,1.2429042299944928,416.9944576097308,3696.6240118277606,948.194902439416,MEDIUM,1370.1679802959943
Tamil Nadu,Perambalur,2130,2130.000000000002,15647.224469952376,57032.39105477023,4.8754806811939275,525.2520266749065,3410.5873075890477,946.206119059621,HIGH,1568.6658315601223
Tamil Nadu,Namakkal,4872,4871.999999999995,45806.11924066247,120954.57900163488,11.151803698956233,514.6677296870355,3422.1362249599288,945.1066509451905,HIGH,1533.3848416005526
Jammu and Kashmir,Srinagar,3256,3255.9999999999927,39829.67938565895,72717.58582081799,7.452847463834451,502.7090091090992,3455.550052394134,944.7003692725268,HIGH,1493.9350557231687
Uttarakhand,Haridwar,5955,5954.9999999999845,69126.50556737505,134552.24103278157,13.630745284746357,508.0856425662004,3419.723750842119,942.0767950369479,HIGH,1487.536387668091
Odisha,Jajapur,2497,2497.0000000000014,26242.070098821627,59340.9057836593,5.715528291521706,507.6131609344846,3426.0598832058017,940.7332155958592,HIGH,1513.5724016790725
Odisha,Sundergarh,4000,3999.999999999998,42676.67039995912,94264.53618653106,9.155832265152904,506.0997442022971,3422.674496038245,940.3315209883434,HIGH,1508.5276792384473
Haryana,Hisar,5234,5233.999999999993,63038.28339696331,116679.87671555232,11.980406518952565,497.8786827932784,3433.0116544893144,939.1357942501879,HIGH,1479.4569713691221
Delhi,Najafgarh,30,30.000000000008185,182.57004943425227,864.5124587243995,0.06866874198866554,525.755371891677,3377.685510189199,938.4353886062748,HIGH,1560.9577652188757
Kerala,Ernakulam,6324,6323.999999999996,66132.39847407256,148774.38164369887,14.475370811206739,505.5033550451978,3397.735654035912,936.6414195731434,HIGH,1499.7473233141063
Delhi,North East,1738,1738.000000000006,11826.151103269181,46669.53327853506,3.978209119208952,524.6419126243928,3363.754133513757,936.2652457507106,HIGH,1553.9129009945955
Tamil Nadu,Salem,10249,10248.999999999985,106442.33101285696,240671.92108620738,23.459531221388005,503.2660076304751,3386.4805082835546,935.9669648383649,HIGH,1495.3791014120177
Arunachal Pradesh,Lohit,166,166.00000000000728,1799.6944719206954,3892.6274745179758,0.37996703900386236,504.48378134987655,3408.5760158315397,934.0710839529474,HIGH,1510.033979514212
Telangana,Warangal Urban,663,663.0000000000009,15528.5085791078,8555.176890608314,1.5175791979490967,413.48679993782105,3627.0610647162825,932.6108866715518,MEDIUM,1359.7077757701095
Rajasthan,Hanumangarh,4940,4939.999999999999,77267.8102875672,96473.8895086087,11.307452847463841,450.53295454645274,3516.326650398217,931.924043207109,MEDIUM,1457.4691374796985
Uttarakhand,Rudraprayag,956,955.9999999999945,7768.472005300797,24305.98781079501,2.1882439113715324,517.5127948408679,3351.5631991740656,929.7255104286585,HIGH,1518.960228583649
Andaman and Nicobar Islands,Nicobar,75,75.00000000000273,741.5006857456489,1814.1919678828867,0.17167185497162327,508.29011344173773,3362.753491616494,926.7472566006593,HIGH,1513.2983456900292
Tamil Nadu,Tiruvallur,11435,11434.999999999982,148404.08002179823,237780.08727532192,26.174235488005838,485.905906430214,3376.9164681455068,926.1885174906101,HIGH,1439.1787640778143
Haryana,Jhajjar,2624,2623.9999999999964,32366.014730342496,56650.829646263446,6.0062259659403,491.6975276061227,3391.11788101356,925.8742077955554,HIGH,1458.8531207452697
Andhra Pradesh,Mahbubnagar,722,721.9999999999973,9900.490170484474,14743.610994252907,1.6526277238600937,486.8594174864927,3408.5893727160974,925.6433716036239,HIGH,1438.0511798852006
Punjab,Hoshiarpur,4134,4133.999999999999,46541.9336142265,92756.8074337512,9.462552646035528,496.806883870189,3368.7724558156638,924.996698892038,HIGH,1469.3928313172598
Telangana,Mancherial,1094,1093.9999999999982,27120.940889698573,12448.274111958723,2.5041201245193165,399.46938185914723,3613.626940790621,923.2113151250537,MEDIUM,1319.6497155078637
Tamil Nadu,Thanjavur,7372,7371.999999999991,76837.61465156089,169434.13882708136,16.87419886467679,496.3908523072855,3340.1838258326634,921.2944509795785,HIGH,1472.461917001386
Arunachal Pradesh,Pakke Kessang,4,4.0000000000045475,88.75639379502381,92.13676736938359,0.009155832265163318,384.9173493700076,3617.8632232881478,916.034066092313,MEDIUM,1269.8125395813158
Himachal Pradesh,Shimla,1670,1670.0000000000018,15800.179434796775,39657.31322971423,3.8225599707013433,498.33445948028714,3318.82062624243,914.07812297984,HIGH,1481.0777318396963
Odisha,Koraput,4383,4382.999999999998,41331.58923058745,103849.4211171654,10.032503204541296,497.4712134377997,3311.610637494363,914.0674851791349,HIGH,1479.7659100234564
WESTBENGAL,HOOGHLY,1,0.9999999999572537,56.73804016481183,16.176080578835357,0.002288958066190383,366.00847706881063,3645.7060371823595,912.1461326582971,MEDIUM,1161.122882266023
Himachal Pradesh,Una,1247,1247.0000000000027,9612.298758207577,31406.406189875273,2.8543307086614256,504.6224987693872,3286.7552041733056,910.5185894319532,HIGH,1503.70452947003
Tamil Nadu,Virudhunagar,5407,5406.9999999999945,57371.35489621185,121262.86072615348,12.376396264420432,489.6288476228425,3303.1474782242108,909.1568383355896,HIGH,1449.9219013865759
Haryana,Ambala,3218,3217.9999999999964,33440.967806035056,72706.27915731857,7.365867057315506,489.07250829746476,3297.5224281874375,906.2504999034145,HIGH,1450.1030563830766
Karnataka,Hassan,2494,2494.0000000000023,38699.015647673266,47080.38755765249,5.708661417322844,433.17914703982103,3438.0522326783866,905.9126184807848,MEDIUM,1419.8103693592277
Kerala,Kottayam,3321,3321.000000000002,30340.097113919815,78124.86838501596,7.601629738143206,493.43205752877424,3265.05013542853,902.0065447715361,HIGH,1459.5096649260277
Sikkim,South,197,197.00000000000273,3744.8850865146246,3092.0759381047797,0.45092473905878705,414.4090751489151,3453.0106184946485,897.9419386951049,MEDIUM,1346.696581799187
Uttar Pradesh,Allahabad,13249,13248.999999999993,186291.2123649956,258916.93365450136,30.326405420252705,431.7449702315917,3360.06147939243,896.9827026203577,MEDIUM,1409.0522038291604
Arunachal Pradesh,East Siang,168,168.00000000000637,2425.492325714206,3208.1681005114897,0.3845449551364367,448.9860141940146,3333.5268794234885,891.313746468246,MEDIUM,1436.7080889946722
Maharashtra,Pune,31763,31762.999999999964,438457.7370601577,605726.6331544148,72.70417505951288,420.60299523875466,3287.3201429749797,889.5767787322271,MEDIUM,1377.76116437998
Dadra and Nagar Haveli and Daman and Diu,Daman,63,62.99999999998636,1702.221075695655,542.8028010075047,0.14420435817612706,374.0889315753806,3507.849807348687,888.6576885648806,MEDIUM,1208.8114464834962
Telangana,Nalgonda,6661,6660.999999999993,77431.2036462938,137984.36879416893,15.246749679545864,471.4824974472459,3233.4970345311126,887.0146805337092,HIGH,1394.6934341348592
Tamil Nadu,Madurai,9938,9937.999999999989,105537.59354282767,213516.62874898323,22.747665262772376,475.901986889781,3210.1239791911753,886.8000888619574,HIGH,1405.8323656097043
Kerala,Thiruvananthapuram,6663,6662.999999999996,64937.03961834769,148822.84344718079,15.251327595678449,480.7030282957304,3207.681318510331,886.4631761286349,HIGH,1418.7462341492148
Andhra Pradesh,Sri Sathya Sai,938,937.9999999999936,22114.7295993263,10389.581245844221,2.1470426661783426,386.7014740656505,3461.5879494324304,886.3124397191648,MEDIUM,1270.8580351490598
Maharashtra,Mumbai City,2929,2929.0000000000114,51871.15293651701,47575.13195853923,6.704358176158243,410.7210885234747,3394.071156827858,886.1860830801565,MEDIUM,1353.1548086623802
Delhi,South West Delhi,9255,9254.999999999989,169712.7058567323,141544.62824072273,21.184306903497518,407.50636749997506,3362.762900793594,882.6610559797556,MEDIUM,1325.1277505798696
Himachal Pradesh,Mandi,2514,2514.000000000001,16305.10593435552,63298.87678406153,5.754440578648605,493.58837627046637,3165.168298943024,881.5541800974327,HIGH,1463.5907878069604
Himachal Pradesh,Chamba,1657,1657.0000000000005,19702.502183678414,33818.27307220916,3.7928035158395934,468.93469116804613,3228.0322832260294,881.211643283981,HIGH,1386.4118374655598
Odisha,Sambalpur,2552,2552.0,30017.571718233947,52231.22719266804,5.841420985167556,468.2807981989228,3221.652914645593,880.2234083241302,HIGH,1385.7978592271998
Maharashtra,Ahmed Nagar,340,340.00000000001637,5524.722733693907,5946.515786365126,0.7782457425380347,411.32963661316734,3363.999565999716,878.6982052292883,MEDIUM,1355.1833022946892
Punjab,Malerkotla,865,865.0000000000009,15119.665714128836,13856.888352855096,1.9799487273393184,405.314706193679,3346.02240958244,872.4558196315293,MEDIUM,1329.4189057288932
Odisha,Kalahandi,4485,4484.999999999997,47367.53187978222,94936.65708195428,10.265976927302692,469.0273753291919,3172.1843281706756,872.0303463769219,HIGH,1384.953116328097
Arunachal Pradesh,East Kameng,181,181.00000000000728,1426.3204608009903,4317.541949644895,0.41430140999818577,479.2787203119272,3155.9683573878488,870.9573220565328,HIGH,1424.3504427210476
Tamil Nadu,Tirupathur,4,3.9999999999990905,96.61096313020566,76.95590316409604,0.009155832265150828,351.69757168538496,3471.337325886034,870.1189977695788,MEDIUM,1155.1509815950508
Kerala,Palakkad,6724,6723.999999999996,50033.09711075254,159864.07936308632,15.390954037722032,481.9435331646191,3121.1476055589424,869.8185739054146,HIGH,1421.2145837121775
Madhya Pradesh,Damoh,6066,6065.999999999992,55451.15474349851,134471.0159904998,13.884819630104367,475.05767547546264,3130.413231152107,867.7769298571841,HIGH,1393.130302418536
Jammu and Kashmir,Kupwara,2875,2874.999999999992,45098.005157183856,49785.64466848309,6.580754440578635,410.59932328566157,3299.1533319077516,867.1045543565548,MEDIUM,1346.9027696450435
Himachal Pradesh,Kangra,3966,3965.9999999999977,34112.153281104984,89860.1739387817,9.078007690899103,474.9068239262865,3125.0901744362664,865.1948491576663,HIGH,1401.3189466596941
Mizoram,Lunglei,726,726.0,7354.552938854164,15345.478030550807,1.6617835561252527,480.3760747947158,3122.4251677310826,865.171606010412,HIGH,1364.5827758970636
Telangana,Warangal Rural,732,731.9999999999991,17657.19940233953,7241.557855334351,1.67551730452298,369.90414631201435,3396.829093816355,864.8205471106351,MEDIUM,1222.7655970174208
Jammu and Kashmir,Kulgam,1211,1210.9999999999955,12364.848117251278,25777.11259904079,2.7719282182750327,468.478557073522,3147.0264617402695,864.4761493502975,HIGH,1379.8335489379112
Uttar Pradesh,Bhadohi,546,546.0000000000109,11826.380003420401,6584.699153868816,1.249771104193397,380.83479501537454,3365.8279995044277,863.9579287398309,MEDIUM,1254.351619775103
Delhi,South Delhi,13395,13394.999999999985,213480.90334300228,222888.95394952458,30.66059329793077,406.2237010245388,3257.4638496008274,863.8027984218141,MEDIUM,1320.852195661749
Delhi,North Delhi,4459,4458.999999999996,86946.582621152,60861.030460236296,10.206464017579195,392.28417900516774,3314.0720421835936,862.0184371445764,MEDIUM,1277.7204555971784
Bihar,Kishanganj,8764,8764.000000000002,145132.0604222095,141289.7906464646,20.060428492950027,400.3298918114459,3267.7906568017584,859.7412058139596,MEDIUM,1312.7395048814271
Arunachal Pradesh,Papum Pare,447,447.00000000000637,4829.992942466859,9216.24214691737,1.023164255630852,463.4337811717038,3135.3203324518367,859.0879063529086,HIGH,1373.2006455869694
Andhra Pradesh,Nizamabad,524,523.9999999999982,5508.4187670710235,10885.978632843666,1.1994140267350268,466.1421340642586,3122.7423618885127,857.9793636178524,HIGH,1370.66023514442
Telangana,Nirmal,1401,1400.9999999999973,33987.0109413333,13248.544307204946,3.2068302508698,365.99324324963294,3369.1551532480917,857.7897013496957,MEDIUM,1209.7292534761496
Himachal Pradesh,Lahul and Spiti,32,32.00000000000364,249.90529176437363,778.5901953351282,0.0732466581212316,466.3486652917209,3116.6529912106116,856.5269048854192,HIGH,1377.7917512111421
Odisha,Angul,3009,3008.9999999999995,29456.55662474441,64092.4180043493,6.887474821461274,462.80358769932394,3107.939356448296,855.0559075857595,HIGH,1367.5404908952037
Himachal Pradesh,Sirmaur,1584,1584.000000000001,19360.918368476316,31455.173944762584,3.625709577000554,425.0520329305734,3206.0626065134957,854.8262506410861,MEDIUM,1370.1363100073172
Karnataka,Tumkur,2942,2942.0000000000036,26291.245040531772,64776.550780148944,6.734114631019973,467.27565947845545,3094.3865382494296,854.5353717784197,HIGH,1378.4654108213426
Odisha,Nuapada,2081,2081.000000000002,17640.332068639782,46726.70472657421,4.763321735945804,469.1411227288992,3091.596387858501,854.3188354569336,HIGH,1388.6656076604543
Arunachal Pradesh,Lower Dibang Valley,109,109.00000000000637,1197.6937909889007,2238.3306286021307,0.24949642922543133,454.18292307187284,3123.658563264574,851.8980231176188,HIGH,1347.3644519208665
Telangana,Komaram Bheem,1106,1105.9999999999964,27422.92438275071,9680.89154249538,2.5315876213147708,360.4544933347618,3351.7448893627907,851.3357008263336,MEDIUM,1191.2667537599123
Tamil Nadu,Tirunelveli,9675,9674.999999999989,79904.31416935034,214789.64432131115,22.14566929133857,464.8994347134312,3045.6175949840995,848.2169371409371,HIGH,1367.4905250218717
Karnataka,Bangalore Rural,2644,2644.000000000001,48190.024702728915,38074.59637321413,6.052005127266074,387.68988229290386,3261.4223469165618,847.9450120679442,MEDIUM,1276.5128202028372
Chhattisgarh,Dantewada,710,709.9999999999991,2411.8115223775035,18964.802412475543,1.625160227064639,488.23560226036795,3006.556108980738,845.9165709944509,HIGH,1441.9887045356402
Odisha,Khorda,4315,4314.999999999998,37606.61812413229,94311.95551904092,9.876854056033697,462.30234056409483,3056.5007794989156,845.4143823986407,HIGH,1364.20300044444
Telangana,Yadadri.,1586,1585.9999999999964,39931.564703456344,12730.575349558136,3.6302874931331197,352.0340368183904,3318.345308948613,840.7751664468577,MEDIUM,1163.1985653720076
Uttarakhand,Uttarkashi,1132,1131.9999999999923,9928.659007783705,24377.844813274394,2.5911005310382555,466.3808261313256,3027.9350239239275,839.5547480097598,HIGH,1355.1869995518418
Tripura,Unakoti,639,639.0000000000064,3601.671586135433,15541.338251378867,1.4626442043581918,481.3750789912941,2991.095287111609,839.3453901792764,HIGH,1409.9690570625405
Madhya Pradesh,Anuppur,3226,3225.999999999996,26186.835442749132,71260.00929467817,7.384178721845812,465.05982679125214,3019.7348849528134,838.6921440027425,HIGH,1359.8041401378343
Manipur,Senapati,1501,1501.000000000006,25306.83076803943,22555.27815827241,3.4357260574986426,398.644423909838,3186.5585170647028,837.6646331851091,MEDIUM,1271.4245603745094
Dadra & Nagar Haveli,Dadra & Nagar Haveli,25,25.00000000000182,249.1051216813519,541.2181247009995,0.057223951657209844,455.2915855317844,3039.7047937782745,835.6039187070443,HIGH,1343.188800200349
Haryana,Rohtak,3413,3412.999999999996,26525.70869083507,76101.19521707292,7.81221388024171,460.4757742571345,3006.0604542445217,833.7936421415442,HIGH,1356.4472762486423
Haryana,Sonipat,4619,4618.999999999993,60657.01676002815,84143.22695524414,10.572697308185305,406.2582032095496,3134.204409421478,833.141792681526,MEDIUM,1320.7220394233595
Tripura,Dhalai  *,32,32.00000000000546,385.40360375348797,641.6405518826731,0.07324665812123576,418.73282274602735,3112.255017079276,831.8393887863052,MEDIUM,1346.1615362449847
Rajasthan,Ganganagar,5504,5503.999999999999,69151.92176163342,102533.29565261667,12.5984251968504,404.02729240438015,3118.714212792917,829.5360163198286,MEDIUM,1319.1169303394563
Jharkhand,Latehar,2609,2609.000000000004,38678.19357800061,43476.392031813346,5.971891594945994,394.89044622755796,3147.685272406665,828.7738450735958,MEDIUM,1286.9728832899275
Andhra Pradesh,Dr. B. R. Ambedkar Konaseema,665,664.9999999999945,14197.855929002539,7259.943085257474,1.5221571140816585,363.9823881913605,3221.891743882885,826.8261900064817,MEDIUM,1195.1277489014262
Uttarakhand,Tehri Garhwal,2781,2780.9999999999895,26078.258306462754,57248.00718302833,6.365592382347536,450.8984294781,2995.1928644676877,826.3974653472918,HIGH,1318.5790107077564
Telangana,Suryapet,2042,2041.999999999996,45796.249816367475,20092.97620555941,4.674052371360551,355.31693930770246,3225.1211953953443,824.0849244443283,MEDIUM,1174.1415736697145
Jharkhand,Bokaro,5800,5800.000000000001,70677.22587864714,108386.22851500203,13.27595678447172,401.8184635716061,3086.7687363152763,822.2457660841999,MEDIUM,1310.0662744367546
Lakshadweep,Lakshadweep,203,203.0000000000091,1211.1777415810009,4819.24256130388,0.46465848745653093,461.3492792950298,2956.088383767099,822.0317139471717,HIGH,1363.6684970996857
Madhya Pradesh,Tikamgarh,7242,7241.999999999991,51172.77088072959,160624.56505336834,16.57663431605932,456.47056103334745,2924.1658971986462,818.0414502512208,HIGH,1331.173254278152
Andhra Pradesh,Hyderabad,4840,4839.999999999991,36241.09725413742,105531.60965559298,11.078557040834998,452.3232211346021,2928.5830801431603,815.2017937081836,HIGH,1326.2638587122317
Jammu and Kashmir,Jammu,4558,4557.999999999991,34925.45191005554,98595.51592161655,10.433070866141717,448.8122868851216,2928.7336659721886,813.2827978968411,HIGH,1320.9459816432434
Uttar Pradesh,Auraiya,3733,3733.000000000008,51808.763856372076,63185.70811750339,8.544680461453972,386.32356785297253,3079.6591315981645,811.6570143845554,MEDIUM,1272.647529233763
Tamil Nadu,Sivaganga,4446,4445.999999999996,34283.718548151446,95520.06837323148,10.17670756271745,444.5426805965324,2918.9068343013923,809.1057194273599,HIGH,1311.301344632209
Madhya Pradesh,Balaghat,6805,6804.99999999999,79236.93049365438,126766.56460121453,15.576359641091365,395.9881858804783,3026.79246392696,808.0254936179585,MEDIUM,1292.0653371019216
Odisha,Bhadrak,4520,4519.999999999997,40002.982739095736,92118.86348251266,10.346090459622781,440.32900389783975,2922.4031457997876,807.7489582467642,HIGH,1294.2918782235897
Sikkim,East,370,370.0000000000018,5868.463267111098,5594.756091054871,0.8469144845266482,378.6313819942123,3089.81653858921,807.5330730603062,MEDIUM,1229.1042712835108
Uttar Pradesh,Bara Banki,9086,9086.0,110025.99869534477,165171.96646769016,20.797472990294832,389.26761064846,3028.4798631345316,806.5690198482248,MEDIUM,1282.4610052187213
Andhra Pradesh,K.v. Rangareddy,19,18.99999999999818,154.87588215422468,443.28690358065313,0.04349020325947215,415.8930586045913,2990.8139286743894,806.1223620981515,HIGH,1266.4966502788627
Bihar,Purnea,257,257.00000000001546,2881.346333822461,4943.9493394882675,0.5882622230361098,395.6025660982143,3033.0603384925303,804.589829414524,MEDIUM,1295.315085837322
Odisha,Puri,3511,3510.9999999999986,30889.600184971965,71329.38365621674,8.036531770737962,437.8859723836337,2910.5633212183575,803.4666099667097,HIGH,1291.148439842903
Odisha,Kandhamal,3049,3048.999999999999,31763.907597240323,59799.620010303166,6.979033144112802,398.08214388187633,3002.082872378475,801.551356359867,MEDIUM,1301.802344837045
Pondicherry,Pondicherry,1084,1084.000000000001,6344.380409332405,24780.520312505687,2.4812305438564404,453.43515249941066,2868.654444409041,801.1928342946705,HIGH,1322.9308502478702
Kerala,Thrissur,7071,7070.999999999996,58791.19073836388,145490.49793756747,16.185222486724047,436.9668394748563,2888.598538969618,801.0586942773689,HIGH,1287.9589380796347
Uttar Pradesh,Kushinagar *,6,6.000000000010914,136.27903912137558,81.61498007527088,0.013733748397754344,356.6398924060883,3112.771702809235,800.8784068894106,MEDIUM,1172.035277744149
Jharkhand,Hazaribag,566,566.0000000000064,9759.033994024023,7689.7264607924535,1.295550265519151,369.94695772161805,3077.3827962639284,800.8387031932505,MEDIUM,1205.494588270128
Assam,Sribhumi,169,169.0000000000091,5126.4452961031775,366.55777462163127,0.3868339132027312,308.026092183561,3231.1782768969465,800.3647516451306,LOW,1009.8989749936225
Kerala,Kannur,5965,5964.999999999997,57728.15264051543,119352.33487049169,13.65363486540927,405.2698326479054,2968.161037730592,800.3632143296938,MEDIUM,1300.6355819897983
Odisha,Kendrapara,3962,3961.999999999998,39917.003313847315,78186.98961301027,9.068851858633952,398.5295058445194,2980.1663620201257,798.018680883875,MEDIUM,1296.6268847125218
Uttarakhand,Nainital,3951,3950.999999999987,49099.995229561944,69365.13690504206,9.043673319904755,390.91284892305714,2997.599497333097,797.6894259241194,MEDIUM,1260.293742190947
Odisha,Jajpur,17,17.00000000000182,247.79153378549879,307.2711627532,0.038912287126904026,361.8449864728027,3083.681647437216,797.6704964099827,MEDIUM,1194.345153473466
Himachal Pradesh,Bilaspur,999,999.0000000000018,6821.1907933273205,21928.64736988863,2.2866691082219432,439.91745412230216,2874.983816321595,795.6414910579367,HIGH,1308.0210473130799
Arunachal Pradesh,West Kameng,278,278.0000000000073,1808.3158538597547,6162.895336034552,0.6363303424281438,446.75720675038673,2857.064942614447,794.9824910008111,HIGH,1315.9453975159126
Odisha,Rayagada,3045,3044.999999999999,31453.135145934484,58917.68183587492,6.96987731184765,391.08014050842496,2966.868581149357,791.0047496776382,MEDIUM,1286.7956669255404
Tamil Nadu,Nagapattinam,4047,4046.9999999999964,38035.4745944623,80724.84425306947,9.263413294268446,397.48553952177843,2933.8023430714375,788.2822623634573,MEDIUM,1287.7775410496956
Goa,Bardez,2,2.0000000000009095,35.355466065681874,59.999483128447636,0.004577916132578536,299.442155511,3178.4983064709836,785.4221124245365,MEDIUM,983.3526330366516
Tamil Nadu,Vellore,9633,9632.999999999989,89377.00261881239,191810.54669486574,22.04953305255447,389.7731684157771,2918.6999098368083,785.2414260910166,MEDIUM,1283.7363040296912
Telangana,Khammam,3888,3887.9999999999964,53834.96467389106,62168.38126776183,8.89946896172862,370.35435275685717,2982.857956843736,784.4186084356943,MEDIUM,1224.266285166897
Karnataka,Mandya,3594,3594.000000000002,40256.10654111322,65788.65411770482,8.226515290239893,383.0882640818998,2949.784719299528,783.9690304879275,MEDIUM,1261.1740928328236
Karnataka,Haveri,4242,4242.0,57684.608481923184,68326.76451941993,9.70976011719466,372.2524997726709,2969.865024778296,783.012182877153,MEDIUM,1223.3882118020606
Uttar Pradesh,Kushinagar,10611,10610.999999999996,167221.9680175399,147831.06064063346,24.28813404138437,358.41985762907206,2968.8374355274536,780.2638561324421,MEDIUM,1179.6351618207614
Tamil Nadu,Cuddalore,8630,8629.999999999989,81699.06260453124,168231.2960311112,19.753708112067375,384.91264484840394,2895.7288684467903,777.5282085471803,MEDIUM,1267.534558805114
Sikkim,West,208,208.00000000000364,2470.383823372265,3659.5456126885906,0.4761032777879596,380.0265753559077,2932.9805914166773,776.7522369446258,MEDIUM,1233.7549158224956
Odisha,Kendujhar,5377,5376.999999999996,54132.66243169471,101882.33934536601,12.307727522431788,382.49265400362515,2900.9855295102407,775.1357511605903,MEDIUM,1259.8373785762078
Gujarat,Bharuch,4351,4351.000000000002,49951.679905735065,76467.7333551476,9.95925654642008,376.89980507773646,2904.8578414724875,772.4092477972918,MEDIUM,1231.3861200376139
Tamil Nadu,Kancheepuram,13050,13049.999999999984,141289.74655657428,233900.23114140757,29.870902765061324,374.0175490902656,2874.7986951036846,770.9297843953882,MEDIUM,1231.217572944653
Telangana,Mahabubnagar,10168,10167.999999999989,96429.82278538407,195047.54393181205,23.27412561801867,380.2329378184624,2866.332645463626,770.365235687362,MEDIUM,1253.861568705581
Odisha,ANUGUL,13,13.000000000001819,155.90011055513196,255.31458733883784,0.029756454861751117,362.4748249824541,2937.2478420997845,768.6959078476425,MEDIUM,1196.444615172304
Jammu and Kashmir,Pulwama,1871,1870.9999999999932,21509.23261715397,32670.125250128076,4.282640542025257,375.50730313575065,2894.19646726934,767.8777371843508,MEDIUM,1231.5960358120071
Chhattisgarh,Sakti,455,454.9999999999918,9675.149651049252,4008.0017593557127,1.0414759201611246,334.4410343305819,3000.691098773019,767.6711796959431,LOW,1087.6734781030202
Kerala,Kasaragod,3555,3555.000000000001,28349.21180911901,71839.67521183906,8.13724592565465,398.05391065319014,2817.4602649313288,764.9601820905573,MEDIUM,1258.2491753407476
Tamil Nadu,Tiruvannamalai,7266,7265.999999999993,65196.52239110136,141473.8273420196,16.63156930965024,380.9085490117362,2843.9569249087785,764.2351302805189,MEDIUM,1252.5209060162217
Arunachal Pradesh,Tirap,99,99.00000000000546,999.7238849118729,1869.395327363769,0.22660684856254698,380.1500094460332,2869.119212275642,763.9668292327138,MEDIUM,1252.2547398347344
Bihar,Rohtas,7939,7939.000000000004,117844.2622057988,111746.07258639872,18.172038088262244,354.53253465194797,2891.5659293727645,761.0310646270055,MEDIUM,1158.414981016434
Delhi,South East Delhi,60,60.00000000000182,1198.9206329599904,613.6179459013285,0.13733748397729778,327.5024207053468,2971.374719444785,758.0673554868237,LOW,1061.781261264442
Odisha,Mayurbhanj,8122,8121.999999999993,71508.42691456243,156828.24965418284,18.590917414392962,376.0989563895126,2810.9894936445316,755.8246521479805,MEDIUM,1240.1917198624992
Delhi,East Delhi,10736,10735.999999999989,187076.10945969823,122784.67004258858,24.57425379967038,340.5992730772282,2885.915800524232,754.8550727833617,MEDIUM,1105.43743583738
Madhya Pradesh,Shahdol,5297,5296.999999999993,54782.52614160054,94534.48305122158,12.124610877128722,372.53937095606864,2818.3655944285038,753.5801876268737,MEDIUM,1213.0692873538896
Madhya Pradesh,Sidhi,6292,6291.999999999992,54111.60595523937,121222.99793400338,14.402124153085508,377.52998866153695,2786.1847114133598,750.3225738593661,MEDIUM,1231.3713463721174
Jharkhand,West Singhbhum,6848,6848.0,59350.01585256689,131139.76180375856,15.674784837941779,376.5189047580498,2781.2786926022113,749.2176263508497,MEDIUM,1227.4010783915671
Chhattisgarh,Dakshin Bastar Dantewada,1224,1223.9999999999973,5880.451872248296,26812.759087733873,2.8016846731367835,429.18018431926413,2668.8335477536466,749.1973071123025,HIGH,1265.1373113986278
Telangana,Nizamabad,6577,6576.999999999994,67018.46619967984,117215.10138828133,15.054477201977656,365.55881988744665,2800.7535358461714,747.446460273551,MEDIUM,1206.6145089355284
Haryana,Mahendragarh,2754,2753.9999999999955,28479.770325108984,48818.50911108196,6.303790514557766,367.87970914852616,2805.745170097675,746.9800257481654,MEDIUM,1207.7937258866145
Jammu and Kashmir,Samba,588,587.9999999999964,5157.08156925127,11332.191764547868,1.3459073429774693,372.1730293970207,2799.5370685567295,746.3977006127495,MEDIUM,1223.815123349574
Karnataka,Dharwad,5103,5102.999999999999,55159.82880929231,87780.29112885117,11.68055301226882,363.19634448607576,2800.5509392269487,745.2125259921083,MEDIUM,1194.8676941800768
Jammu and Kashmir,Rajouri,2674,2673.999999999994,15795.34012062926,55310.66827547944,6.120673869254706,413.8120627315669,2658.1685381722878,740.3759411610174,HIGH,1229.2785677980612
Uttar Pradesh,Hamirpur,3465,3465.000000000009,42318.38210250312,54558.273810246996,7.931239699688727,354.3889465584424,2795.056431412294,738.5851314715867,MEDIUM,1166.1987915853292
Orissa,Ganjam,402,402.00000000000637,4268.186555142141,6929.83198486831,0.920161142647882,362.7404586702969,2778.6646501266628,737.3792077032754,MEDIUM,1195.1402929226315
Jharkhand,Seraikela-Kharsawan,3389,3389.0000000000045,28801.971962967014,64163.56657214865,7.757278886650812,372.05544650189626,2742.346269472438,736.824160811431,MEDIUM,1210.8562175377217
Madhya Pradesh,Niwari,142,141.9999999999991,1706.9410814424232,2263.5771082287415,0.3250320454129262,362.01322350898334,2776.5861466231922,736.421350692754,MEDIUM,1177.9821291969386
Odisha,Debagarh,876,876.0000000000018,7972.423281246507,16241.838037357065,2.005127266068491,366.3597497573313,2761.0332176286856,735.9880565842234,MEDIUM,1209.394364421895
Rajasthan,Pratapgarh,3794,3794.000000000001,48559.177098052794,56223.61289492264,8.684306903497536,347.9681927256496,2761.0748351245174,728.8043554587776,MEDIUM,1135.5865980770213
Tamil Nadu,Tiruchirappalli,9932,9931.999999999989,73583.61207677421,193584.36855054577,22.733931514374646,367.6898501677221,2689.7008016442164,728.6052648670167,MEDIUM,1206.7919098695081
Telangana,Vikarabad,2593,2592.9999999999945,60672.42104291915,14180.21120828117,5.935268265885361,298.380404885481,2885.606486168093,728.0920801561248,LOW,984.3531255956432
Gujarat,The Dangs,1328,1328.0000000000082,6580.775815313502,27914.070334553253,3.0397363120307843,416.1292909038469,2595.548995475301,728.0863654405929,HIGH,1210.4844061246486
Rajasthan,Dungarpur,6571,6570.999999999996,95317.07556252452,86556.93475201877,15.040743453579934,338.51771655216476,2767.407338930969,727.2525490983503,MEDIUM,1104.085010832072
Uttar Pradesh,Sant Kabir Nagar,6169,6169.0000000000055,79194.9185621947,90547.19154673745,14.120582310932086,343.2588535313244,2751.0876840993865,726.0831382788191,MEDIUM,1129.0984814949359
Odisha,Khordha,496,496.0000000000018,4534.591700771401,8990.088073764324,1.1353232008789647,360.9049706287792,2721.2635361238886,725.0457894994311,MEDIUM,1191.2117673267212
Chhattisgarh,Khairagarh Chhuikhadan Gandai,246,245.9999999999909,6106.334604542178,1013.5920609719758,0.563083684306883,295.9061276827641,2882.5614030421675,724.6342695551077,LOW,959.223789276961
Assam,Bajali,29,29.000000000009095,858.8217450748896,23.477715185785556,0.0663797839223794,272.63732294829185,2940.998200868917,724.5382155831061,LOW,890.2697442093922
Gujarat,Navsari,2757,2757.000000000004,29580.507150528752,45480.66673587928,6.310657388756652,355.0223208734216,2721.579908861785,723.7203394256949,MEDIUM,1158.4611726898975
Telangana,Medchal-malkajgiri,4070,4069.9999999999936,85219.0979632539,30139.23767714149,9.31605932979307,305.5668035221729,2833.660909859872,722.3104015319989,LOW,1008.3077877179493
Jharkhand,Purbi Singhbhum,986,986.0000000000091,4889.959229208451,20525.319835420847,2.2569126533602124,412.45647192612205,2575.00294474461,721.9058987079911,HIGH,1198.8596356184746
Madhya Pradesh,Ratlam,7982,7981.999999999989,79462.86010847098,134774.9648229389,18.270463285112605,353.93624752088664,2683.675622340096,719.1843872139964,MEDIUM,1154.392209236616
Haryana,Gurgaon,6861,6860.999999999988,119162.28216348418,70786.87358496137,15.704541292803501,320.7375757419598,2768.1310951391074,718.7063692866425,LOW,1047.3199478647266
Himachal Pradesh,Lahaul and Spiti,3,2.9999999999990905,56.73804016481183,55.02807426721042,0.006866874198862599,317.04091000159207,2794.152860800556,717.353087223167,LOW,1036.765900244046
Telangana,Peddapalli,588,588.0,9932.816094455795,6450.8653591427055,1.3459073429774775,321.1859141139183,2781.6097544309846,717.3186801460494,LOW,1060.3714896904337
Madhya Pradesh,Rajgarh,8171,8170.999999999991,42298.81971919621,165180.80317508883,18.703076359641084,401.3823081300285,2538.908748094531,714.0838265918128,HIGH,1176.7124112670888
Manipur,Jiribam,145,145.00000000000728,2024.142207945476,1926.4566828513994,0.33189891961180956,344.12417357170733,2705.8896512307365,713.3395867078846,MEDIUM,1093.0237259140738
Maharashtra,Aurangabad,17393,17392.999999999993,155026.66004319108,298696.86635950394,39.811847646951115,359.0112517498072,2608.505958391945,713.150371847378,MEDIUM,1172.455352750155
Odisha,Subarnapur,399,399.0000000000018,4302.482023083912,6470.796833588177,0.9132942684490069,346.37892901109495,2693.319714168022,712.1273956196866,MEDIUM,1142.791628601107
Haryana,Palwal,4703,4702.999999999992,69096.84533487125,58912.14884259324,10.764969785753513,328.99989984319416,2721.2796381263706,711.9853684825973,MEDIUM,1074.8610282021743
Telangana,Siddipet,1876,1875.9999999999964,35982.81640542677,16212.814677744153,4.294085332356706,307.90282935714134,2780.800803578632,711.3998009940041,LOW,1016.0945405011776
Jammu and Kashmir,Punch,2628,2627.999999999993,23572.52037405464,46327.74808631364,6.015381798205445,353.07702867890924,2658.8158410181923,710.1062970825546,MEDIUM,1160.1617876225357
Tamil Nadu,Thiruvarur,4165,4164.999999999996,37607.22683505578,72705.79500704799,9.533510346090459,351.8200486072327,2647.936194001531,708.3573162077497,MEDIUM,1155.55923800121
Telangana,Rangareddy,300,299.9999999999991,5508.637677798179,2801.801228302123,0.686687419886466,311.06983758814187,2760.9431581728577,707.9295566546085,LOW,1026.6512346045126
Rajasthan,Banswara,7263,7262.999999999996,101320.37704806105,93594.14347286198,16.624702435451386,329.356263822869,2683.294610695526,706.3244647811752,MEDIUM,1073.5468350677527
Karnataka,Kolar,4186,4186.0,47285.284529077326,64292.760173118564,9.581578465482519,339.80772838517856,2664.8685145019317,705.7520406326204,MEDIUM,1116.9056405104195
Odisha,Sonapur,1488,1488.000000000001,13115.970524676566,26266.877655233697,3.4059696026368838,350.7269468308933,2644.919286763617,705.3691216489613,MEDIUM,1157.2850213337683
Gujarat,Sabarkantha,5115,5115.000000000002,43831.06448783543,90364.50173819362,11.708020509064285,352.8040220980158,2623.0564156768774,704.5257003371028,MEDIUM,1151.066843438545
Punjab,Amritsar,9655,9654.999999999993,99062.540490005,155001.29381974996,22.099890130012817,342.10021643791436,2631.1498996453493,703.9100551870308,MEDIUM,1120.370606543011
Karnataka,Chickmagalur,1231,1231.0000000000045,10486.588350162072,21948.169988012414,2.817707379600818,351.07008593070753,2632.691423553124,702.9186398898588,MEDIUM,1154.4468323288493
Uttar Pradesh,Sant Ravidas Nagar,4420,4420.000000000007,49151.60568006085,68058.89008939876,10.11719465299398,338.60847560980943,2651.221347420484,702.5836656848999,MEDIUM,1113.5972217565527
Orissa,Cuttack,322,322.0000000000073,2042.7332029301065,6418.366436619334,0.7370444973448258,356.3204853921557,2619.53549212057,702.2884544693953,MEDIUM,1173.740381995494
Jammu and Kashmir,Baramula,3747,3746.999999999991,36679.32397648231,61943.63980928801,8.576725874381966,343.8793607249634,2631.34908713368,700.7825155515324,MEDIUM,1129.5028944427163
Himachal Pradesh,Hamirpur,1198,1198.0000000000014,7353.437092788414,23806.899008684926,2.742171763413299,360.31567544819995,2598.8603921162085,700.7525676763657,MEDIUM,1186.0151183994055
Tamil Nadu,Pudukkottai,7045,7044.999999999994,51955.45605692217,131075.0281696795,16.125709577000546,351.49484381316677,2597.6509257252583,700.1153199247352,MEDIUM,1156.1418886876568
Uttar Pradesh,Bijnor,16851,16850.999999999993,226853.59940594033,217068.16067451413,38.5712323750229,321.9369963083449,2634.2378357491957,699.3874350165185,MEDIUM,1058.025624085004
Chhattisgarh,Bastar,6608,6607.999999999987,79459.39927331195,94388.34292718221,15.125434902032575,333.58053157981834,2630.4696958767463,697.4218354358683,MEDIUM,1084.8051356004748
Jharkhand,Palamu,8606,8605.999999999996,114040.72495254135,113094.40794992617,19.698773118476474,327.1947379356751,2638.958207301818,697.2986423637441,MEDIUM,1064.653855650318
Madhya Pradesh,Seoni,6081,6080.999999999991,74288.40445220275,85852.24427717754,13.919154001098688,332.3025302452576,2633.0261218247333,696.9322356879052,MEDIUM,1082.279818317853
Maharashtra,Palghar,10699,10699.000000000004,122140.93516929977,158009.33515399034,24.48956235121775,330.899076162489,2618.2268254513097,696.4417718768718,MEDIUM,1090.4147674590945
Madhya Pradesh,Rewa,10838,10837.999999999985,83154.67510947713,194947.7440265098,24.807727522431772,349.57008915610766,2565.757165199621,695.3787958747075,MEDIUM,1139.8383480206862
Telangana,Hanumakonda,1030,1029.9999999999977,18934.394935083586,9001.404027162429,2.3576268082768688,302.5731418406384,2709.5828285398657,693.9104246707755,LOW,998.3289154461677
Kerala,Malappuram,14567,14566.999999999987,152364.23947881404,224052.8500825833,33.343252151620575,333.90533058142324,2583.8625038536334,693.7281417069245,MEDIUM,1092.753908434858
Karnataka,Shivamogga,2229,2229.0000000000027,24818.540426082644,33653.65854080336,5.1020875297564645,334.1940127440941,2622.071702550942,693.0419731411624,MEDIUM,1098.193255040138
Puducherry,Yanam,7,6.9999999999954525,90.70631862701879,126.98260203848486,0.01602270646400718,294.14807694317943,2721.1115083187956,691.3011469472881,MEDIUM,957.604618632541
Karnataka,Davangere,4813,4813.000000000001,34015.838688195116,89495.94893178328,11.01675517304524,349.64317238615007,2565.679011632289,691.2624150714464,MEDIUM,1149.6904538469912
Maharashtra,Hingoli,8189,8189.0000000000055,96539.93709536723,117007.2670469973,18.744277604834306,328.15874667720396,2607.4139699922407,691.1854506185005,MEDIUM,1077.9470025081444
Karnataka,Belgaum,6743,6742.999999999998,63041.92381332905,111010.93150761625,15.434444240981513,339.0048319839832,2580.854912825405,690.303731829367,MEDIUM,1114.2293191731017
Andhra Pradesh,Mahabubnagar,7,6.9999999999954525,90.70631862701879,120.42408998849572,0.01602270646400718,324.1821722994987,2639.130107693931,689.9219145004747,MEDIUM,1060.793695928554
Delhi,Central Delhi,3947,3946.999999999999,49052.26165283132,54042.008924530965,9.034517487639631,329.30315143655776,2611.303712699146,689.6226735044,MEDIUM,1067.7836970351452
Uttar Pradesh,Mahoba,3020,3020.00000000001,32298.480131214816,46323.981825057876,6.912653360190468,333.7693945719941,2602.53101477235,689.4646962485242,MEDIUM,1097.4669516305016
Gujarat,Junagadh,5536,5536.000000000002,38043.64260505068,102653.15385582828,12.671671854971631,350.5701289614796,2541.0293744063383,687.292440918499,MEDIUM,1143.620532983424
Rajasthan,Dausa,6133,6132.999999999999,50270.01523336036,106423.9661521151,14.038179820545697,344.18463292920035,2554.515510033835,687.206872417531,MEDIUM,1122.974732088857
Tamil Nadu,Dharmapuri,5739,5738.9999999999945,41348.10285702999,104843.76029894891,13.136330342428124,346.5592401090306,2546.896570661653,686.5998332895745,MEDIUM,1139.6898763405363
Telangana,K.v. Rangareddy,17409,17408.99999999998,197323.84220421314,248583.17780563328,39.848470976011704,322.31744707507465,2561.2120620898704,685.355677248315,MEDIUM,1064.1432662276218
Madhya Pradesh,Chhindwara,8981,8980.999999999987,89420.3252308573,140173.43192700247,20.557132393334538,335.6376526876552,2556.154054307056,685.2167769232392,MEDIUM,1090.0635597925116
Uttar Pradesh,Lalitpur,4753,4753.000000000007,46681.32696265324,75533.80510521695,10.87941768906796,334.4750988923231,2570.7852769850692,684.6584301498958,MEDIUM,1099.8192993649316
Uttar Pradesh,Jhansi,7160,7160.000000000005,71837.46371283678,111937.63948372212,16.388939754623717,332.52083725429026,2566.3329590358735,684.4436923607069,MEDIUM,1093.3050939048221
Jharkhand,Godda,5390,5390.000000000001,57688.135605733114,80970.39357862467,12.337483977293546,332.2343950854915,2572.0372692331252,684.2258965825589,MEDIUM,1081.4527128163725
Madhya Pradesh,Betul,8166,8165.999999999991,48221.25877420102,155811.05370974535,18.691631569309642,350.16259226556497,2498.2528772370074,680.3393610509769,MEDIUM,1141.813358385544
Uttar Pradesh,Muzaffarnagar,11949,11948.999999999998,135680.37168161102,169253.2165334107,27.350759934078024,322.9707112312267,2551.745508075496,680.039685210936,MEDIUM,1061.47134049461
Uttar Pradesh,Mirzapur,7645,7645.000000000004,87074.6713154222,108380.02508721729,17.499084416773506,322.5279465188834,2556.299979108547,677.7736944061833,MEDIUM,1059.9954581201325
Karnataka,Ramanagar,2949,2949.0000000000014,34809.757517955906,40988.81717910874,6.750137337483984,322.2258829486997,2569.443210069988,677.0266246895926,MEDIUM,1058.2994890554899
Madhya Pradesh,Singrauli,6550,6549.999999999991,56603.41087378753,108409.2752165123,14.992675334187865,336.90487225379144,2518.8930864036,676.7288560078721,MEDIUM,1097.620958346299
Jharkhand,Kodarma,310,310.0000000000082,3019.1989243814714,4893.9625010804175,0.7095770005493692,333.8483956021515,2544.4248956469096,676.0220500306225,MEDIUM,1086.8327145385726
Gujarat,Surat,25469,25468.999999999975,357565.77261261124,281607.92054492864,58.29747299029479,303.83442619057655,2509.5158741952882,671.3096298314344,LOW,984.5015237470808
Andhra Pradesh,Medak,1406,1405.9999999999945,12963.47466722275,22500.849017978493,3.218275041201235,330.24404081519094,2520.5631617058452,670.2001352611248,MEDIUM,1082.6665909808612
Rajasthan,Baran,6267,6266.999999999998,78745.3193184313,80273.4275292654,14.344900201428315,315.65678267171614,2536.9934085465334,669.5305431055932,MEDIUM,1027.881897897243
Karnataka,Bidar,4920,4920.0,43197.55985808932,79762.58695164704,11.261673686138078,329.5928151462837,2498.68211358944,667.9113323968713,MEDIUM,1082.8559297141035
Jammu and Kashmir,Ganderbal,843,842.9999999999945,7501.3522712730555,13630.871775286878,1.9295916498809629,332.83924695180696,2503.8180149952523,667.7621039699183,MEDIUM,1089.3691818655282
Himachal Pradesh,Kullu,1239,1239.0000000000005,9616.622769079,21272.858945266147,2.8360190441311146,334.16375878210374,2491.0872350278346,666.1501321098582,MEDIUM,1098.8420628457516
Tamil Nadu,Kanyakumari,2005,2004.9999999999982,20689.814999711085,29732.658848874387,4.589360922907891,322.9666576533182,2513.5829435984783,665.5767258232271,MEDIUM,1061.047934821495
Andhra Pradesh,Alluri Sitharama Raju,1255,1254.999999999994,12839.945713977257,18688.480278910927,2.8726423731917117,322.8267550853914,2510.2249994337726,664.3201701414077,MEDIUM,1057.942305214863
Gujarat,Vadodara,12284,12283.999999999995,100022.38061088072,201430.4617191603,28.117560886284572,329.79293521528257,2453.828590395124,664.0974539525515,MEDIUM,1074.3632204961007
Odisha,Jagatsinghpur,694,694.0000000000018,5171.490280454092,12058.049809916454,1.5885368980040337,334.57601703353157,2479.0705166000785,663.5786729061826,MEDIUM,1101.7819220092292
Karnataka,Mysore,3073,3073.0000000000027,21206.209302532847,54534.994688518665,7.033968137703727,335.80146426775934,2463.9298630790995,662.7968951910107,MEDIUM,1103.5514267856888
Odisha,Baleswar,6015,6014.999999999996,43234.02040875904,104677.05445952114,13.768082768723676,332.74328854971463,2458.6282391668915,662.2277169388527,MEDIUM,1095.6728270631727
Haryana,Charkhi Dadri,858,857.9999999999973,12097.740980659395,9730.95432969406,1.9639260208752927,306.1670721591843,2541.1752398548842,661.9077618568316,LOW,1002.0849359221415
Uttar Pradesh,Farrukhabad,5870,5870.0000000000055,70133.26754579425,77139.77356099072,13.436183849111904,312.34490285308425,2508.48307114265,661.8999208098057,MEDIUM,1026.0519792341354
Gujarat,Gandhinagar,5650,5650.0,64564.88691885062,76568.09986644164,12.932613074528485,316.74492982207585,2497.486936565073,661.749636146411,MEDIUM,1030.8698691854115
Rajasthan,Pali,9114,9113.999999999996,66406.70986378372,155914.2488801463,20.861563816150895,332.9388543795665,2439.0670185839826,660.5413000514251,MEDIUM,1083.822136923411
Maharashtra,Dharashiv,144,144.0000000000109,3159.1639844758115,634.8699201160251,0.3296099615455297,270.0892652173456,2616.5751066150597,658.4585369201484,LOW,889.3820643086163
Jammu and Kashmir,Anantnag,3350,3349.999999999991,35473.897287030675,47592.48583153066,7.66800952206554,317.13685108893714,2478.85356963776,656.6395423286402,MEDIUM,1038.6945289892953
Orissa,Khordha,726,726.0000000000064,4055.24403519028,13633.144096524979,1.6617835561252674,338.55425220083544,2433.0657677737636,656.388814722008,MEDIUM,1112.8529380244267
Orissa,Puri,220,220.00000000000637,2032.7859975976157,3420.6433684532903,0.5035707745834246,322.3936830529006,2467.615097760591,654.8709323109435,MEDIUM,1062.3177075313106
Rajasthan,Kota,7525,7524.999999999996,92918.02056999502,93392.34357921529,17.2244094488189,307.8661596625626,2475.5562602871423,654.2116547233554,MEDIUM,1001.913154533398
Karnataka,Chikkaballapur,3152,3152.000000000001,36238.153854274795,41835.63797913414,7.214795824940494,310.7975840758832,2476.1748123504262,652.798193255509,MEDIUM,1020.205159479435
Jharkhand,Khunti,2644,2644.000000000005,21469.76206027605,42937.032607551046,6.052005127266083,327.3272467991168,2435.0394959480946,652.4871241273571,MEDIUM,1065.0955518617902
Odisha,Malkangiri,2823,2822.9999999999995,20962.984766477795,47573.502720232056,6.461728621131664,328.656053338846,2426.929443580377,651.6524339718379,MEDIUM,1082.0487096936106
Bihar,Katihar,16350,16349.999999999996,180288.08620584378,217294.6601967308,37.424464383812506,308.0499902409345,2431.5500360991655,651.5623416554441,MEDIUM,1005.1398329797227
Karnataka,Chitradurga,4413,4413.0,47344.84099712854,61225.124299770265,10.101171946529947,312.5225460237875,2459.6729790869686,651.2262204132464,MEDIUM,1025.955032639116
Odisha,Balangir,5234,5233.999999999996,37593.09727524468,88810.20294453051,11.980406518952574,329.06184098414377,2414.5807109794687,651.0411846436514,MEDIUM,1076.7346685112698
West Bengal,Jalpaiguri,10654,10653.999999999989,187494.76740386488,80665.39985914218,24.38655923823475,279.18526756673,2516.7542680713946,650.2594551691143,LOW,916.1720219237089
Jharkhand,East Singhbhum,8191,8190.999999999999,60664.59712131171,136122.51410653614,18.748855520966867,326.71913751653375,2402.1864163555642,649.4215086856698,MEDIUM,1063.0685209198468
Telangana,Medak,7544,7543.999999999994,54919.74990778042,126667.9892900948,17.26789965207837,324.03100520335937,2406.7294790970873,648.5417683167207,MEDIUM,1068.188459988571
Haryana,Panipat,6088,6087.999999999991,69103.61270052564,79770.98522537135,13.935176707562706,307.3358700763241,2444.976152502825,646.8437185509958,MEDIUM,1005.9809289792743
Andhra Pradesh,Tirupati,1719,1718.99999999999,33298.92276057142,10373.162784961809,3.9347189159494396,273.34808466253764,2539.0747410193735,645.6694062099284,LOW,891.3467371386837
Maharashtra,Nandurbar,10516,10516.000000000007,41055.39663358068,199737.2861610793,24.070683025087014,359.33696604200986,2289.5567442679467,644.8010367821204,HIGH,1076.8744003908307
Uttar Pradesh,Jalaun,5557,5557.000000000006,60690.987744128855,74602.62710163997,12.719739974363693,307.39354747021895,2434.2140130580938,644.3554983390374,MEDIUM,1009.5474612912511
Uttar Pradesh,Rae Bareli,9729,9729.000000000002,107777.65295928177,127792.36898201848,22.269273026918164,306.1951938809005,2421.0690846998996,643.9921957885057,MEDIUM,1005.5529493268562
Tamil Nadu,Villupuram,6772,6771.999999999994,39477.81995829781,121260.55066354324,15.500824024903858,329.2301254873015,2373.222657933575,643.909841537837,MEDIUM,1080.259494268106
West Bengal,East Midnapore,2118,2118.0000000000014,25288.379111373648,26700.680550136207,4.848013184398468,303.2429267172692,2453.471432822551,643.7701538784644,MEDIUM,996.364219092173
Maharashtra,Thane,43688,43687.99999999997,447232.31161447987,571244.2420428086,100.0,294.9637490602878,2331.196762702942,643.7212270707323,MEDIUM,970.6303437850906
Uttar Pradesh,Ghazipur,11288,11288.0,127840.19764209617,145529.65627735417,25.837758652261506,303.13680088677114,2421.5595174014557,643.6316315193552,MEDIUM,995.3583060130917
Uttar Pradesh,Deoria,10257,10257.0,109172.4997222141,138571.32926786118,23.477842885918346,306.0764453209445,2415.1279878151227,643.1071730892724,MEDIUM,1005.1571207936696
Jharkhand,Ramgarh,2979,2979.0000000000036,35458.685599660996,37232.45377763172,6.818806079472636,305.4013375527739,2439.2999791037823,642.6063064209852,MEDIUM,992.0091877073139
Rajasthan,Rajsamand,4512,4512.000000000001,47273.45103082836,61971.15114408623,10.327778795092483,310.3178271109236,2420.664794480713,642.3902060901322,MEDIUM,1010.0853793612679
Madhya Pradesh,Mandla,4911,4910.999999999992,56991.50280926101,62237.694132644385,11.241073063541466,305.38504289699017,2427.30449800296,641.5257429681495,MEDIUM,992.5548604902947
Gujarat,Tapi,2212,2212.0000000000055,12235.984879964226,40014.39440649237,5.063175242629571,332.00933718729993,2361.0654896726883,639.7367191009765,MEDIUM,1080.0845604028254
Karnataka,Tumakuru,3000,3000.0000000000014,28440.038404686366,43498.62524389118,6.866874198864685,310.8781714200775,2397.1564028183125,636.9304285333607,MEDIUM,1020.4737839600824
Tamil Nadu,Viluppuram,5122,5121.999999999995,35797.181278651806,85358.1780396136,11.724043215528289,320.5199498795171,2364.929910565399,636.7631700174969,MEDIUM,1052.892242242158
Uttar Pradesh,Ballia,9976,9976.000000000002,104972.20903549704,132976.30655001287,22.83464566929136,302.24004697212507,2384.9705882079775,634.9645348284455,MEDIUM,992.3691262976049
West Bengal,Koch Bihar,3348,3347.9999999999973,71044.12220692061,13194.897591241614,7.663431605932979,257.0625158093323,2515.3484562007234,633.8999786265907,LOW,842.4295160657166
Jharkhand,Seraikela-kharsawan,861,861.0000000000073,5894.246051337918,14411.124250976158,1.97079289507418,323.6330897711023,2355.6114039807517,633.5300635502238,MEDIUM,1052.781695101742
Uttar Pradesh,Faizabad,6926,6926.0000000000055,69996.00927303279,94923.95618555114,15.853323567112273,304.0632279326927,2380.8281428985697,632.953239616194,MEDIUM,998.4463961661637
Arunachal Pradesh,Lower Siang,31,31.000000000003638,326.82609165649126,448.0057670286223,0.07095770005494337,295.3582386539187,2421.34955839098,631.9703183151718,MEDIUM,972.9488371943527
Odisha,Boudh,1424,1424.000000000001,9104.779916707963,24297.93132888458,3.2594762863944373,320.90842773018875,2344.0499119714063,630.242039145294,MEDIUM,1056.2232909980864
Jharkhand,Dhanbad,11031,11030.999999999996,107799.6263985856,151176.60889049887,25.249496429225427,304.2009568996446,2347.500319879301,629.1753913544502,MEDIUM,988.0079188635497
Karnataka,Kodagu,1211,1211.0000000000032,11489.53231137571,17165.60114673042,2.7719282182750504,307.2084893506871,2364.2849387876345,627.292810898353,MEDIUM,1008.241510395448
Assam,Bongaigaon,3175,3175.000000000011,39258.571464345834,36519.260470832836,7.267441860465146,291.8875901420235,2385.951887127792,625.3144050547097,LOW,956.1039681884976
Delhi,North East Delhi,12113,12112.999999999989,141153.31115788463,143099.85921621943,27.726149056949268,294.3018971829885,2346.484814050719,624.7657561187228,LOW,951.1128495232479
Uttar Pradesh,Amethi,7197,7197.000000000005,76148.71158708983,93386.49551625169,16.47363120307638,297.28011708681646,2355.3099069650116,624.6441292973335,MEDIUM,975.8360266799094
Rajasthan,Jaisalmer,2854,2854.000000000003,21320.66660828696,45018.7299089056,6.532686321186608,314.0760678519732,2323.6215942974627,623.7221586818351,MEDIUM,1022.6128484981
Jharkhand,Garhwa,6073,6073.000000000002,40268.557443989805,99481.80756873773,13.90084233656841,316.04800692315536,2300.796262968843,622.3535087563168,MEDIUM,1027.4980856085854
Gujarat,Mahesana,6490,6490.0,50176.056525483604,99843.08129083409,14.855337850210596,311.1642534777842,2311.1868404917223,622.2760961922997,MEDIUM,1012.2676147044394
Telangana,Jayashankar Bhupalpally,847,846.9999999999964,16276.744008605794,4570.865960619907,1.93874748214612,259.4022757669156,2458.444571842653,621.9716764966323,LOW,854.4260285337582
Bihar,Darbhanga,15765,15764.999999999998,153915.3670567123,210207.84118205533,36.0854239150339,297.56969187878906,2309.5471789849526,621.5199089108952,MEDIUM,970.2055051059043
Uttar Pradesh,Kaushambi,7463,7463.000000000005,77017.54004686546,97599.03867074878,17.082494048709048,296.5970391727452,2339.450411543599,621.3133501097051,MEDIUM,973.5591002996721
Jharkhand,Dumka,5825,5825.000000000001,59635.07028227704,76146.56225558478,13.333180736128924,299.71634511048745,2330.615045277408,619.9811358315641,MEDIUM,971.3925462330258
Mizoram,Hnahthial,2,1.9999999999954525,49.09099557901093,24.96157872849874,0.004577916132566045,252.11109685959556,2468.4191435836556,619.7407505213687,LOW,760.3661827799957
Uttar Pradesh,Sambhal,8677,8677.000000000004,100023.91054253033,103491.36598664634,19.861289141182954,289.4249269461544,2345.186408494776,619.7081319143873,LOW,949.6520595443693
Telangana,Jogulamba Gadwal,1844,1843.9999999999955,33535.210055121584,11361.687960529254,4.22083867423548,262.1731145367478,2433.4362068103437,619.0400502327134,LOW,863.6621577665321
Himachal Pradesh,Lahul & Spiti,38,38.00000000000091,278.1721619061966,635.8293491632095,0.08698040651895471,299.86879554706593,2343.593618126682,618.6792155208251,MEDIUM,982.8588520622923
Telangana,Nagarkurnool,1361,1360.9999999999973,20163.751083055668,12446.623467911239,3.115271928218271,276.5459452591968,2394.3006278242956,618.0676797729229,LOW,911.5715935080289
Madhya Pradesh,Ashok Nagar,5178,5177.999999999993,45044.63352943907,74388.81929711712,11.852224867240423,304.5502831952983,2306.110307521842,617.0528705621897,MEDIUM,989.7723281513217
Karnataka,Kalaburagi,4782,4782.0,40183.324459968164,70141.91493638641,10.945797472990302,303.53635882190565,2306.611737327087,616.3742661182673,MEDIUM,996.0010752995098
Manipur,Chandel,759,759.0000000000064,9010.231169268058,8727.002368945712,1.737319172312779,297.0323094131298,2333.8465181860224,615.8066540954633,LOW,936.050845385482
Nagaland,Mokokchung,490,490.00000000001364,2663.9522476936218,8548.975766867095,1.1215894524812624,317.40980485061965,2283.6920599919995,615.7797912594541,MEDIUM,1044.3483273393012
Rajasthan,Tonk,5915,5914.999999999999,56578.33203679284,79934.3305113847,13.539186962094863,299.71949990280365,2307.5162702531698,615.4247600906642,MEDIUM,973.0909553342015
Bihar,Madhepura,9027,9027.000000000004,90875.19576911382,117209.39111494488,20.662424464383836,295.9073896662859,2304.8802268947575,615.1284675514096,MEDIUM,964.6644977308936
Madhya Pradesh,Shajapur,7025,7024.999999999992,31240.57858268975,126682.4026613136,16.079930415674777,321.09731502917083,2247.694011443258,614.9114389279396,MEDIUM,1044.9291009308968
West Bengal,Haora,2862,2861.9999999999995,39941.792184090824,27919.10017101781,6.550997985716905,277.75354573880105,2370.2721744711366,614.896507159343,LOW,911.3996158306124
Madhya Pradesh,Sehore,6518,6517.999999999993,27878.764119564214,118045.93223935174,14.919428676066648,321.3157993546413,2238.452160744224,612.8241604289855,MEDIUM,1043.9907153491317
Uttar Pradesh,Pratapgarh,10308,10308.000000000002,104698.65310329465,132202.36894970466,23.59457974729905,291.0005323097468,2298.001959967012,612.1790320724656,MEDIUM,954.9040774230107
Uttar Pradesh,Shrawasti,5117,5117.000000000006,62706.809189571046,56626.45799297132,11.712598425196873,283.6493883679873,2331.638671014896,611.6662079145319,LOW,930.4002642838121
Uttar Pradesh,Mau,7579,7579.000000000004,87867.24235440741,87787.84586150628,17.348013184398482,285.5495386358672,2317.349448758756,611.4490630250043,LOW,936.7340985100785
Karnataka,Bellary,4220,4220.000000000002,27371.32395495761,68273.60107852095,9.659403039736322,308.71361187450196,2265.9304675071917,610.4407203506103,MEDIUM,1013.2585854748309
Madhya Pradesh,Harda,2134,2133.999999999997,10232.85975574535,37696.94334170741,4.8846365134590695,319.1110676462011,2244.9556485926355,610.0120544956654,MEDIUM,1038.3082763209977
Rajasthan,Bundi,4872,4872.0,48603.52661721077,62834.26720606413,11.151803698956241,293.89781511974445,2286.841654489532,607.6627795674656,MEDIUM,955.3520060573375
Gujarat,Kheda,7567,7567.0,52588.6532729716,117208.67951385737,17.320545687603015,305.44270222353697,2243.6222619824125,606.641967214532,MEDIUM,993.195777190282
Rajasthan,Jhalawar,7036,7035.999999999998,81181.51306275475,80261.07448292708,16.105108954403963,284.9425210035745,2294.196213523971,606.1420358929026,LOW,925.5010256701044
Gujarat,Amreli,4293,4293.000000000003,27877.694707409788,68497.2022628316,9.826496978575365,308.38017770321727,2244.408406386618,606.0197192225049,MEDIUM,1002.9873621225496
Jharkhand,Hazaribagh,6204,6204.0,66645.00165558247,75005.98578747413,14.200695843252161,288.66494200676635,2282.8523359074393,605.1631469378467,LOW,936.2212025539554
Pondicherry,Karaikal,162,162.0,884.983176522815,2777.0278389956034,0.3708112067386928,311.1166896810956,2246.632524857925,604.9960931741545,MEDIUM,1011.8693075201533
Telangana,Jangoan,1022,1021.9999999999973,16943.595420034584,7242.451395009829,2.3393151437465622,261.18026601743446,2364.227450150969,604.137417582035,LOW,860.3526627021545
Odisha,Bargarh,5150,5149.999999999996,34784.69816657552,80810.88510217551,11.788134041384362,302.9909612572735,2244.1386773199583,603.8596563050437,MEDIUM,996.4984027550356
Karnataka,Chikkamagaluru,1151,1151.0000000000036,11088.56019024966,15085.576920966003,2.634590734297758,292.0831578984077,2272.0605131263596,601.2440587947651,MEDIUM,957.82373888785
Haryana,Yamunanagar,59,58.99999999999818,456.41989053234903,906.2996130344812,0.13504852591100122,292.16726334092834,2271.1991726113843,600.3639807505143,MEDIUM,957.0855731946216
Uttarakhand,Dehradun,9485,9484.999999999982,83152.87993349951,127848.41469644579,21.710767258743793,297.6714269732197,2224.344240248211,600.2177917138752,MEDIUM,952.8223356914885
Jammu and Kashmir,Udhampur,2806,2805.999999999993,16932.146974643652,45447.29638678562,6.422816334004749,305.06316011054025,2222.281559010662,598.9147367576039,MEDIUM,1000.1155590613056
Puducherry,Pondicherry,3,2.9999999999954525,29.92112268368437,62.87937305510686,0.006866874198854273,268.12012782205505,2320.012393469781,598.0646026672433,MEDIUM,872.5114548954597
Gujarat,Anand,6980,6980.0,39247.39588897983,113722.57604946026,15.976927302691827,305.380773479758,2191.2329456874386,595.7300540681742,MEDIUM,992.9893480443521
Odisha,JAJPUR,2472,2471.999999999999,18624.10970232242,36519.41647101569,5.658304339864496,295.98733123966656,2229.823136811084,595.6557842840095,MEDIUM,974.819636029679
Gujarat,Panchmahals,6279,6279.000000000002,32292.54336407056,104967.86919986909,14.372367698223782,307.3084834715373,2185.675359298402,595.1010239049162,MEDIUM,999.4150480169499
Uttar Pradesh,Amroha,8142,8142.000000000004,90321.04001386254,92665.14744101216,18.63669657571875,278.07873861340687,2247.1593694568915,594.0622521707974,LOW,911.8314317685442
West Bengal,Hooghly,15327,15326.999999999989,181694.74592296526,160681.74776121086,35.082860281999636,271.27200050396556,2233.667103889458,592.8942791144742,LOW,889.7944650478274
Arunachal Pradesh,Tawang,154,154.00000000000455,921.5434909220285,2510.520302115889,0.3524995422083974,299.7974723673647,2214.2347051857532,592.8514270834955,MEDIUM,989.412949572506
West Bengal,Barddhaman,15836,15835.999999999987,170401.72905939512,181120.57790826188,36.247939937740334,275.6152635520657,2219.6268672580477,592.6073872089645,LOW,904.2720085414948
Orissa,Bhadrak,371,371.00000000000546,2644.2987264848175,5599.567332198891,0.8492034425929447,295.4290250949578,2216.0930265278785,591.1878788858324,MEDIUM,972.4355143381679
Karnataka,Ballari,2781,2781.000000000002,24453.955077785482,37369.630175792314,6.365592382347564,288.35686901517397,2222.271216879144,590.54235559812,MEDIUM,945.4027759437375
Sikkim,East Sikkim,339,339.0000000000009,3480.483950399242,4108.796165170646,0.775956784471711,286.5177359164466,2232.141210461732,589.9198970859112,LOW,922.0587843576252
West Bengal,Bankura,11355,11354.999999999993,145182.62339619664,108414.93833250253,25.991118842702804,266.07823197888376,2233.1592262125673,587.4682968847662,LOW,870.8152366308882
West Bengal,West Midnapore,2190,2190.0,30663.754593665497,18996.970126632215,5.012818165171217,262.90864401044513,2266.57803378812,586.2737742123979,LOW,861.916610069426
Madhya Pradesh,Bhopal,12862,12861.999999999985,90860.10557748795,186450.26698007417,29.440578648599143,291.8154029097632,2155.8763317854477,585.9151414065509,MEDIUM,947.322727199538
Rajasthan,Ajmer,12135,12134.999999999993,124029.54614837021,141857.17090601556,27.77650613440762,277.75557837493807,2190.892526815967,585.3892463909847,LOW,901.5445502413163
Rajasthan,Jhunjhunun,7611,7610.999999999998,54666.961308198486,110397.58480975492,17.421259842519692,292.54058776929287,2168.478009957349,585.1922738288722,MEDIUM,950.8279148891654
Jammu and Kashmir,Bandipore,1639,1638.9999999999927,15900.738763863239,20361.294629734835,3.7516022706463876,281.69678904132064,2211.0995971706143,584.1937946359772,MEDIUM,922.2276554972403
Sikkim,North Sikkim,62,62.00000000000182,456.1620906890443,917.4510142720334,0.14191540010987425,294.86507628984947,2180.3382618429805,583.5427651335538,MEDIUM,949.883252268968
Uttar Pradesh,Shamli,8200,8200.000000000004,75627.0737322828,103094.55705434998,18.76945614356347,279.21887436851176,2179.266318578622,581.0935377430493,MEDIUM,915.6318842855604
Arunachal Pradesh,Shi-yomi,35,35.00000000000455,250.10260992325763,532.3548692584599,0.08011353232009835,285.8706241125597,2173.492997726993,577.6579456613745,MEDIUM,942.9901220564892
Uttar Pradesh,Hathras,6493,6493.0000000000055,60670.36114943406,80370.1353346887,14.862204724409473,277.3820669129806,2171.8585846030605,577.5214117944253,MEDIUM,909.5091927671232
Telangana,Mahabubabad,1503,1502.9999999999964,23641.199141202887,10183.473868382156,3.440303973631197,247.57796435117646,2248.980918190495,574.6172570057765,LOW,815.011657147961
Arunachal Pradesh,Kra Daadi,81,81.00000000000455,521.4089359061296,1235.6610211014054,0.1854056033693568,289.33394940004143,2142.7682402530913,573.2762444316498,MEDIUM,954.5345396814284
Madhya Pradesh,Raisen,7567,7566.999999999991,42751.88467773064,116674.71572848287,17.320545687602994,293.4657496059556,2106.5882717522927,573.2466928597172,MEDIUM,951.1572161868461
Uttar Pradesh,Jaunpur,15853,15852.999999999998,155736.53423040832,183084.04097403135,36.28685222486726,269.1776925636137,2137.129905414657,572.9008830321984,LOW,882.1612782692334
Jammu and Kashmir,Kishtwar,1269,1268.9999999999945,5883.305012110616,20962.375283618818,2.9046877861197475,297.24845180806176,2113.833094151924,572.2622510702516,MEDIUM,972.3998647197109
Odisha,Nabarangapur,6229,6228.999999999995,41866.68882935854,90566.22890608641,14.257919794909357,285.6730624646217,2125.7290166203047,572.2597104948446,MEDIUM,938.7720734461963
Rajasthan,Sikar,11400,11399.999999999996,78392.50666308764,161659.07133325964,26.09412195568578,284.9245884510254,2105.5309007661367,571.3967109654458,MEDIUM,925.4412504949405
Jharkhand,Palamau,286,286.00000000000546,3724.9543471061706,2543.5963107710704,0.6546420069584454,263.6417597233762,2184.1639922917216,568.8500709221199,LOW,852.8105949426548
Tamil Nadu,Karur,4019,4018.9999999999964,27341.313634124715,57764.84772803408,9.199322468412378,285.05927112476166,2117.0686906009655,568.7031704230976,MEDIUM,933.0233130596398
Bihar,Sheikhpura,3199,3199.000000000011,28061.96414197454,40327.08584184846,7.322376854056063,277.99108653227887,2137.157811994469,568.62381872125,MEDIUM,904.9434872842037
Bihar,Begusarai,13209,13209.0,132968.14845749893,147104.96155381558,30.234847097601193,267.35945826098987,2120.1598032650604,566.7821439127874,LOW,869.5047263799071
Telangana,Sangareddy,2703,2702.999999999996,37271.321861211945,21995.607751968077,6.187053653177069,252.71871794908503,2191.824320014054,566.5803390733065,LOW,832.1475024743231
Karnataka,Uttara Kannada,3470,3470.000000000001,30647.404314469102,43266.71268785511,7.9426844900201505,273.75866691622986,2129.4761452700727,565.1573678591355,MEDIUM,896.7421022805904
Maharashtra,Dhule,12605,12605.000000000004,62032.38706954915,196820.6165942962,28.852316425563114,290.78562425341937,2053.4111031559996,564.7307276855786,MEDIUM,941.7032610955292
Uttar Pradesh,Bulandshahr,16885,16884.999999999996,174701.2603973958,180877.50429798366,38.649056949276705,261.37981840356525,2105.7607763554392,563.4367815576535,LOW,856.1683644024054
Bihar,Samastipur,19207,19206.999999999993,202288.18715662055,200263.0704888799,43.964017579197964,260.6421017672724,2095.7479052764497,562.6598372126855,LOW,847.1135380675154
Telangana,Rajanna Sircilla,888,887.9999999999982,11110.900985672475,8185.742620439634,2.0325947628639414,255.5414821387152,2170.6010805525434,562.5007356087254,LOW,841.5567164397569
Assam,Tamulpur District,55,55.000000000009095,1191.8893109122853,59.36374825915299,0.1258926936458733,229.78444302194535,2234.38046280614,561.8060818802944,LOW,749.093477788237
Tamil Nadu,Chengalpattu,1253,1252.9999999999955,21531.591532262475,6175.392551193442,2.868064457059138,236.56520755856175,2209.4883639119553,561.0406958987896,LOW,773.0431011723067
Gujarat,Jamnagar,6078,6078.000000000001,45699.59540985392,81134.12388565546,13.912287126899848,278.38311511843233,2086.42407131945,560.6500579611761,MEDIUM,902.9971535066001
Bihar,Supaul,10411,10411.000000000004,106900.18269288287,112333.5829596373,23.83034242812674,263.9133317490266,2105.5874534433365,560.2232592916187,LOW,858.0176380066963
Karnataka,Mysuru,4361,4361.0,37255.38849473642,54497.10819121238,9.982146127082958,272.30172613901027,2103.450176202403,559.8355421481106,MEDIUM,891.885633023192
Rajasthan,Jaipur,31146,31145.99999999998,275327.6946711509,355866.4267968338,71.29188793261308,261.3974961655097,2026.5005344591284,557.3864213543645,LOW,847.0176095432217
Delhi,West Delhi,19414,19413.999999999985,231797.78690810208,173187.75505882723,44.43783189891961,253.5464912386087,2085.9414986707666,557.2928949231336,LOW,815.261496375315
Rajasthan,Udaipur,14906,14905.99999999999,127544.53054947547,179745.80982883304,34.11920893609229,268.2693191092289,2061.382842814171,556.6469907982763,LOW,869.9236860222858
Gujarat,Kachchh,9302,9301.999999999998,66793.63789793024,123855.81360956171,21.291887932613086,275.6049666812757,2049.3330270610763,554.056655132637,MEDIUM,892.0699920494112
Odisha,Anugul,143,143.0,1448.7751797308422,1567.5236374320143,0.3273210034792165,269.34042522447095,2094.651956363095,553.6988001858983,LOW,885.996615979027
Madhya Pradesh,Sagar,13841,13840.999999999985,87867.8936416925,192707.91962388536,31.681468595495314,277.24929468689805,2026.988970275812,553.52688197726,MEDIUM,897.1023664566543
Nagaland,Niuland,31,31.000000000010004,381.74600245323757,305.8331969376398,0.07095770005495794,245.75064917727065,2148.684998096492,552.6336115179503,LOW,805.4844750948045
Karnataka,Dakshina Kannada,6505,6504.999999999998,56418.0408455815,78028.5283596316,14.889672221204913,265.80401377488334,2066.5012174179697,550.6691520373971,LOW,870.2265918094355
Rajasthan,Chittorgarh,5986,5985.999999999999,61816.53576812424,62598.76629475706,13.701702984801326,260.6484726135418,2078.090897993675,550.0529268009462,LOW,842.8541977033287
West Bengal,Hooghiy,1,0.9999999999990905,33.405541233686904,11.3491029481301,0.002288958066286145,203.2501669999744,2237.73220909085,549.1722120055771,LOW,661.3883533678571
West Bengal,North Twenty Four Parganas,1627,1627.000000000001,19736.760716621782,14642.474197772404,3.7241347738509476,250.9165874729521,2111.746616363279,548.9248574412871,LOW,821.9430882777826
Jammu and Kashmir,Kathua,2954,2953.999999999992,20432.49241675815,40119.82599830834,6.761582127815405,273.99664933847185,2049.1478313051266,548.8563655686058,MEDIUM,896.560523154411
Madhya Pradesh,Harda *,610,609.9999999999991,2090.357264741891,10198.511765533496,1.3962644204358163,292.2211590245345,2011.2715270499816,548.7837642483943,MEDIUM,945.3419142487757
Karnataka,Gulbarga,4356,4356.000000000001,23695.79092484264,64434.54176613651,9.97070133675152,278.6265872962065,2022.72969224189,546.8504424975067,MEDIUM,912.9685035471791
Madhya Pradesh,Jabalpur,12467,12466.999999999985,92727.53562137642,158545.07767239196,28.536440212415293,269.5958451333925,2015.340177203789,546.4268900711786,MEDIUM,868.2575346116357
Delhi,Shahdara,1700,1699.9999999999986,28484.64360478243,7941.700791568507,3.891228712689983,233.4333638234432,2141.466454811931,546.1773414879148,LOW,748.2177383247633
Jharkhand,Sahebganj,6321,6321.0,65776.73467277692,64414.75994166774,14.468503937007885,257.2667511595332,2059.3403134205105,544.8419894449711,LOW,831.5605663965117
Odisha,Jagatsinghapur,3149,3148.999999999999,15629.053776976705,47578.27392995449,7.207928950741625,282.12946826652876,2006.5818319660696,544.5434792117007,MEDIUM,923.626759452553
Uttar Pradesh,Firozabad,12300,12300.0,139160.74441353275,113741.58379437639,28.154184215345197,248.10007808241235,2055.9493391424203,543.6861621342938,LOW,811.9025633318957
West Bengal,Bardhaman,1776,1776.0,23141.72051473681,14171.71737942568,4.065189525727892,244.20311603750392,2099.799543847073,543.2810236458849,LOW,799.5648501596221
West Bengal,Paschim Bardhaman,1276,1276.0000000000005,16682.400122503732,10164.60284298204,2.920710492583779,243.43453284888218,2102.34948829176,543.0633772305682,LOW,797.0029061975496
Jharkhand,Garhwa *,381,381.0000000000073,2083.682208024689,5599.216314644133,0.8720930232558312,280.0384508859717,2011.2299797562362,542.5268493012098,MEDIUM,905.7995654846401
Jharkhand,Pakaur,297,297.00000000000455,3724.9543471061706,2507.88132626661,0.6798205456876139,246.9955915479974,2091.5555950915373,542.0128609560124,LOW,797.3233676913924
Tripura,Sepahijala,1728,1728.0000000000014,15379.17322981682,19970.570242202884,3.9553195385460596,262.8502733269794,2044.5195761723369,541.5156477595209,LOW,843.219704848158
Jharkhand,Gumla,6701,6701.000000000001,46689.76565196004,87843.25661105533,15.338308002197412,270.277527002863,2007.356345315061,541.2115249651029,MEDIUM,874.9298192076109
Tamil Nadu,Tirupattur,1048,1047.9999999999977,9429.699507770662,12072.198737294015,2.398828053470057,261.03434296854743,2049.7519776038775,541.1872154210903,LOW,854.606885872259
Karnataka,Bijapur,4231,4231.000000000001,30343.964541640376,55190.12218017417,9.684581578465492,267.8326305872335,2021.1268128973193,541.0470523466203,MEDIUM,876.9886478506028
Uttar Pradesh,Ambedkar Nagar,8002,8002.000000000005,75592.2047096356,87437.77780406878,18.316242446438405,256.2342851876671,2037.1108648469874,541.0341882971626,LOW,839.0165870160782
West Bengal,Maldah,1756,1756.0,22250.415403243474,14171.71737942568,4.019410364402127,243.5518827157563,2072.9728390819096,537.5763322835808,LOW,797.3940724204633
Telangana,Wanaparthy,1667,1666.999999999996,25319.380499844872,9716.19339737535,3.815693096502465,232.2360807622435,2100.454070576752,537.353562425423,LOW,762.2053785181847
Maharashtra,Mumbai Suburban,18216,18216.0,192305.96032236176,173591.0687844865,41.695660135506344,245.68312385149645,2008.5471214077415,537.0596842479484,LOW,806.3615930891194
Maharashtra,Mumbai( Sub Urban ),419,419.00000000001455,3600.1772146644357,4934.9629319119485,0.9590734297748005,259.3662710682173,2032.1762253753295,536.4061026381071,LOW,853.6387504781889
Jharkhand,Ranchi,14265,14264.999999999995,103653.89598778149,177798.54443697692,32.651986815601546,263.18778200181475,1972.8896707189008,535.967421189368,MEDIUM,851.2973358707834
Bihar,Araria,15579,15578.999999999998,155285.61686366898,155466.9416740656,35.65967771470429,248.98610035760066,1994.5607094848174,534.1030953901751,LOW,808.2602000352763
Karnataka,Haveri *,117,117.00000000000364,921.8750319754722,1455.4064010199295,0.2678080937557309,261.4061217147403,2014.645282199493,533.7124597253955,LOW,855.5669516089587
Gujarat,Bhavnagar,10174,10173.999999999998,57853.3384834855,141205.42744391787,23.28785936641642,269.8860391325217,1956.3515078860285,533.1996789533915,MEDIUM,874.6735668868977
Madhya Pradesh,Satna,13276,13275.999999999985,87071.36842123237,172832.7597995236,30.38820728804247,264.9780323766833,1957.5516172385023,533.1158018224548,MEDIUM,857.8648254226051
Jammu and Kashmir,Ramban,1920,1919.999999999994,7773.375730095838,29911.6483531251,4.394799487273382,277.8202736737046,1961.7399314534584,532.576562973726,MEDIUM,909.305937605187
West Bengal,Paschim Medinipur,18085,18084.99999999999,214173.78887832066,148759.66400863635,41.39580662882256,237.27133946063597,2006.7093491482747,532.3962815486198,LOW,776.4589282367289
Gujarat,Surendra Nagar,6855,6855.000000000001,38704.35007640173,95641.52432943502,15.6908075444058,270.9133881305613,1959.5372579614464,532.0713879208918,MEDIUM,878.0980635470298
Uttar Pradesh,Pilibhit,13635,13635.0,136267.35231835995,135777.65621270693,31.209943233839976,246.78235356990083,1995.0499305593053,531.7641458669634,LOW,807.5101482901907
Chhattisgarh,Sukma,2179,2178.9999999999936,12805.976524800608,30142.629665633507,4.987639626442032,271.2422208898214,1970.1195500199137,531.1413123368261,MEDIUM,877.0107666338185
Karnataka,Chamrajanagar,2227,2227.0000000000027,15170.550160163912,28994.106395548577,5.097509613623888,264.27121771852114,1982.255680238442,530.1159977910361,MEDIUM,865.1172716215614
Rajasthan,Barmer,15851,15850.999999999993,111667.58463252861,196771.86006704078,36.28227430873467,260.06361120937663,1945.7446675471192,530.0654214067325,MEDIUM,842.5713263561114
Karnataka,Bengaluru,30980,30979.999999999975,303907.7449715624,297060.12698739616,70.91192089360922,240.52761178050318,1939.794945156575,529.4963711896494,LOW,784.3052518281683
Mizoram,Champhai,1165,1164.9999999999977,6565.740011781037,16002.896745538297,2.6666361472257796,281.462392345381,1935.5606138352773,528.6433097839138,MEDIUM,861.5371677326136
Uttar Pradesh,Chitrakoot,5401,5401.000000000007,44455.93379515023,62685.92451759831,12.36266251602273,256.07020942898475,1983.3739043455857,528.4186843384164,LOW,838.4696678204705
Bihar,Aurangabad,10170,10170.000000000004,105755.68110417735,96445.24293059365,23.27870353415128,245.4722055336072,1988.0141975692752,527.322553340904,LOW,796.5472172886315
Odisha,jajpur,18,18.0,151.95392079141533,230.83729709957555,0.04120124519318809,246.33604785662948,2014.6906204788995,526.1185083976526,LOW,809.3153580862222
Uttar Pradesh,Kannauj,6638,6638.0000000000055,59652.52396235128,71796.0167650996,15.194103644021265,250.4122642025897,1979.9448821727804,525.7533396290573,LOW,819.6098503991536
Rajasthan,Bhilwara,11083,11082.999999999996,97449.71733835668,119837.94158857582,25.368522248672416,252.13620589277923,1960.3722386045877,525.7531073419088,LOW,816.1466419674534
Uttar Pradesh,Etawah,7154,7154.0000000000055,62101.76961375572,79054.4619239769,16.37520600622599,251.5609576429578,1972.833424706256,525.2597255645978,LOW,823.4388285337138
Uttar Pradesh,Kasganj,6341,6341.000000000006,49630.29216396727,74522.66199717898,14.514283098333664,254.27212706092484,1957.6309391539933,523.0165362907612,LOW,832.4760599269375
Madhya Pradesh,Hoshangabad,5982,5981.999999999994,12390.069188471338,97103.97016803615,13.69254715253616,303.6979967405136,1830.0858993232068,521.9739423806591,HIGH,883.598039968706
Orissa,Bargarh,89,89.00000000000455,741.8858620994185,1032.1007030117614,0.2037172678996626,251.93584003533064,1971.0961834568668,520.2482718894087,LOW,827.4582308060772
Uttar Pradesh,Mathura,11746,11746.000000000002,109166.73785086938,119357.53487149307,26.88610144662152,243.83137601061406,1945.384121242551,519.0583426878037,LOW,797.6735564259014
Bihar,Sheohar,3262,3262.00000000001,31455.834291014216,32688.703916693874,7.466581212232219,246.65537840887302,1965.8148393413449,518.7306314363751,LOW,800.4911268728508
Sikkim,Mangan,3,2.999999999996362,75.98199932334026,11.033580680756778,0.006866874198856354,164.18667637010282,2175.389500102426,517.1732982677963,LOW,505.95525253647907
Madhya Pradesh,Guna,9811,9810.999999999989,52948.92654196834,132893.5187005552,22.45696758835377,262.40991432351797,1894.0322588924125,516.7484992167476,MEDIUM,849.3044319120539
Jharkhand,Koderma,3222,3222.0000000000036,24081.135454772975,38170.34652385354,7.375022889580676,255.9780853613171,1931.4763257408163,516.496814695696,LOW,827.2650137357914
Arunachal Pradesh,Siang,103,103.00000000000364,750.4358225191576,1252.584269699909,0.23576268082769575,262.0781752222541,1925.9808579029486,516.3059879959651,MEDIUM,863.681959088804
Karnataka,Davanagere,483,483.00000000000455,3172.6820892518363,6159.03265238336,1.105566746017224,260.21432147041185,1928.0402358750405,516.0468779340192,MEDIUM,851.5942841278637
Jharkhand,Lohardaga,2959,2959.000000000004,17420.874911986513,39191.318385437946,6.773026918146874,262.4602999685413,1912.5740978859615,515.776877636907,MEDIUM,848.8723957598719
Telangana,Kamareddy,2008,2007.9999999999964,24476.77338452992,15510.801331322755,4.596227797106752,229.942745745173,1990.4218375237765,514.4346087164738,LOW,754.560928461283
Uttar Pradesh,Basti,10119,10119.000000000004,84822.14443946446,109321.25793184302,23.16196667277058,244.79899285121394,1918.413066910153,513.0306998094688,LOW,800.8989458945678
Andhra Pradesh,Sri Potti Sriramulu Nellore,1614,1613.9999999999905,22067.970960788694,10174.01218848886,3.694378318989177,225.18538724087313,1996.4076253422636,512.982532184586,LOW,732.4710790664685
West Bengal,Dakshin Dinajpur,6526,6525.999999999996,84343.74131627123,44640.22024305969,14.93774034059696,226.16410801396074,1976.1599748633512,512.7953710818297,LOW,739.4348234144782
Jammu and Kashmir,Leh,206,205.99999999999363,1429.275960433904,2541.7719031054926,0.47152536165536024,255.8406186000611,1918.3806104055054,511.73788898962823,MEDIUM,836.0404206930418
Uttar Pradesh,Chandauli,9566,9566.000000000004,93635.57878209944,90533.28283268055,21.89617286211319,237.63801906902785,1925.042977054249,510.3964568039977,LOW,777.0290332872806
West Bengal,South Dinajpur,446,446.0,6796.481206101562,2191.9371816462344,1.0208752975645492,215.5659295635115,2010.8318540822806,510.25559818748127,LOW,704.1075619129806
Madhya Pradesh,Shivpuri,12741,12740.999999999987,69105.2213040217,166984.86406681285,29.163614722578274,256.033234285919,1852.8495163305176,507.3356048258365,MEDIUM,826.3821651200575
Madhya Pradesh,Neemuch,4964,4963.999999999993,36971.20576806735,57003.859959016656,11.362387841054742,250.07021665192838,1892.7505685213293,506.9939383825465,LOW,808.1721063400886
Bihar,Purnia,20100,20100.0,143440.6333660081,228534.820730479,46.00805713239337,244.24220400773197,1850.5320834609577,506.0299358357755,LOW,792.4472122023807
Uttar Pradesh,Saharanpur,19166,19165.999999999996,167819.4445147205,190744.7988784163,43.870170298480154,235.62514033304248,1870.7374309653926,505.1211074491438,LOW,770.3194375006628
Rajasthan,Sawai Madhopur,6744,6743.999999999999,45132.00726379994,81200.46345555923,15.436733199047803,251.71411879067307,1872.9795510653694,505.0839895681248,LOW,814.7396849604329
Bihar,Khagaria,8196,8196.000000000007,75581.60804134715,79929.9744060645,18.760300311298327,238.7994937251939,1897.1768018471596,504.4631973254184,LOW,774.3048445939205
Karnataka,Koppal,5451,5450.999999999999,43377.36157204544,59782.458199757515,12.477110419337125,244.03451353543036,1892.1463641196433,504.189662717445,LOW,797.6615910112589
West Bengal,Kolkata,10361,10360.999999999993,106538.4519042788,91039.96261656999,23.715894524812303,231.40201022967227,1906.7594530095423,504.16766407418834,LOW,756.89449746685
West Bengal,South 24 Parganas,33540,33539.99999999997,401119.5999267476,224595.49401506723,76.77165354330707,215.468946344756,1865.5230730801552,503.8705838514012,LOW,703.784284517129
Uttar Pradesh,Ghaziabad,23070,23069.999999999996,239755.9717426502,191989.52379987502,52.806262589269394,226.05771474880189,1871.3774675676182,503.1462296647054,LOW,738.4280188865275
Manipur,Tamenglong,960,960.0000000000045,10467.671580038674,7862.777098797659,2.1973997436367085,239.47115659355225,1907.4348261015953,501.8817634401862,LOW,744.1803359868901
Karnataka,Shimoga,2260,2260.000000000002,15515.149739599992,26874.256753855057,5.173045229811398,247.41918046911843,1874.8078944473705,500.2230826929768,LOW,808.9438141235524
Madhya Pradesh,Dhar,12712,12711.999999999989,87057.35137165719,146681.95481971014,29.09723493865592,245.36188629775344,1838.5849617821705,499.1271059869076,LOW,792.4776718261721
Madhya Pradesh,Indore,22303,22302.999999999978,186404.64374592094,220525.48705110364,51.05063175242628,235.25585329563677,1824.471533343905,497.8374228423273,LOW,758.7908951524499
Punjab,Kapurthala,3726,3726.0,13923.722203159548,54038.30763620601,8.528657754989935,260.1392319707223,1823.5049594678173,497.3292052054216,MEDIUM,847.1673249857041
Bihar,Patna,24644,24643.999999999996,243766.6753148728,209021.044911849,56.40908258560706,225.7619233861573,1837.2396844257323,497.25162335390723,LOW,730.8462767971317
Jammu and Kashmir,Reasi,1715,1714.9999999999936,8296.804412632133,23226.95106556817,3.925563083684295,255.83654502495966,1837.04868754081,496.50567894574715,MEDIUM,834.3601754427037
Andhra Pradesh,K.V.Rangareddy,69,68.99999999999454,524.0479072545367,790.5447501523017,0.1579381065738752,239.793748747112,1877.9895105811977,495.5421579217677,LOW,781.1656174205981
West Bengal,East Midnapur,1,1.0000000000009095,25.69693128150985,14.146619992620671,0.002288958066290309,193.66153812050766,1992.177563706526,495.26696848897893,LOW,631.0929237696346
Bihar,Kaimur (Bhabua),7825,7825.000000000006,67006.23787980212,78134.51970135704,17.911096868705393,236.30482869770074,1854.596953503184,494.4451341100988,LOW,765.9892945022767
Bihar,Nalanda,14575,14575.000000000002,153073.6808667799,117398.94428133676,33.36156381615091,224.8712820450697,1855.6025325748947,493.5646166823591,LOW,727.8774723268398
Maharashtra,Chhatrapati Sambhajinagar,1010,1010.0000000000109,14743.739041283632,4846.764163190775,2.3118476469511346,209.26027633354366,1937.735232885698,492.87073903799677,LOW,686.6187680292767
West Bengal,Puruliya,13219,13218.99999999999,155047.58983344724,92107.4607263157,30.257736678264052,217.36586077035375,1869.5540889543338,491.6710691795229,LOW,710.1073326024548
Rajasthan,Nagaur,17267,17266.999999999993,103440.36229419363,205279.55884518728,39.5234389305988,242.75535903061126,1787.8151560075335,490.797742395992,LOW,784.8771524268935
Jharkhand,Chatra,6302,6302.000000000001,47300.442061112706,68029.04146080193,14.42501373374841,239.44300983835157,1829.75541046985,490.0000911332703,LOW,772.1480953259062
Uttar Pradesh,Gonda,15267,15267.0,125620.62829047821,152162.77131031128,34.94552279802237,231.22322695820284,1819.3830207020533,489.9718744589188,LOW,755.6463929178641
Uttar Pradesh,Kanpur Dehat,8017,8017.0000000000055,72098.13905883303,75593.44872787615,18.350576817432728,230.04795198542536,1842.000346554118,488.92921834876614,LOW,751.7288096752724
West Bengal,North 24 Parganas,28606,28605.99999999998,291059.05857473233,224197.71349577507,65.47793444424099,216.11420639653645,1801.1562626997147,487.93173607148344,LOW,705.9351513563971
Uttar Pradesh,Fatehpur,12333,12333.000000000002,107140.00435286354,117876.33777441834,28.229719831532705,229.1381180834644,1824.3582141015231,487.9096178114967,LOW,748.6960300020693
Gujarat,Porbandar,2519,2519.000000000004,14597.453148355879,30985.477423539953,5.7658853689800535,247.2395099524594,1808.8464512657076,487.1188108400653,MEDIUM,799.1851362866902
Gujarat,Rajkot,17070,17069.999999999993,137583.42353899707,168728.13568311496,39.07251419154002,231.40346353442905,1794.338698506895,486.2912257260556,LOW,746.3983148932556
Karnataka,Bagalkot,7142,7141.999999999998,52624.19090031585,77105.30704809185,16.347738509430513,236.21959703020576,1816.176647744753,486.24944961688266,LOW,771.6118693271768
Punjab,S.A.S Nagar(Mohali),277,277.0000000000009,2362.729818066553,2788.2747928440085,0.634041384361841,230.9652129353165,1852.8793564426478,486.2486901714964,LOW,749.9205948676849
Bihar,Vaishali,18007,18007.0,155592.80155531957,168136.11018584023,41.21726789965211,227.43493499631748,1797.6949785715228,485.62164358235896,LOW,736.4229821643324
West Bengal,Malda,15815,15814.99999999999,196115.52089108806,95456.74963005753,36.19987181834829,209.51990540281957,1843.5272541802326,484.32536508296084,LOW,683.9541480440075
Karnataka,Hasan,993,993.0000000000027,8602.07585744895,9681.586467732637,2.2729353598242157,230.9457948953331,1839.4026484086105,484.0353077373359,LOW,754.0325288776014
West Bengal,Howrah,11407,11406.999999999993,107708.27338179217,99319.24616983227,26.110144662149793,222.96459232020916,1814.7573593234958,482.26681142344876,LOW,728.7697711019729
Punjab,Ludhiana,17614,17613.99999999999,119743.82650138273,190892.77996535602,40.31770737960081,232.72055801957617,1763.4777545656473,481.15114213679783,LOW,755.7717451485505
West Bengal,South Twenty Four Parganas,4107,4106.999999999999,42063.50336224652,33378.761166546385,9.400750778245746,220.97440714556907,1836.4718726580552,480.60180333786934,LOW,722.1358205198392
Chhattisgarh,Balrampur,6190,6189.999999999989,60293.90057441715,52236.854031438634,14.168650430324101,224.9812691492068,1817.650696266448,480.2713689569903,LOW,724.4742608317699
West Bengal,Nadia,17710,17709.99999999999,192300.5107769969,127796.55514010262,40.53744735396448,213.2665249393929,1807.3347971153496,480.26145609895576,LOW,696.4428798325853
Uttar Pradesh,Budaun,15529,15528.999999999998,171336.23138440825,110293.24631364812,35.54522981138987,213.48223476903692,1813.454460386712,480.0955784052778,LOW,696.5097522873109
Gujarat,Valsad,7448,7448.0,48433.08273623972,84060.7842406752,17.048159677714718,238.24666005049116,1778.679916457443,479.9737612200486,LOW,769.208969946796
Madhya Pradesh,Mandsaur,8276,8275.99999999999,54157.198291243294,92415.22960707583,18.943416956601347,237.73600675614222,1770.8400132695313,478.7190311189578,LOW,765.3914066874681
andhra pradesh,chittoor,4,3.999999999989086,59.951257836556074,32.7080347023698,0.009155832265127926,213.84906790121966,1853.1858507785178,477.56445085599296,LOW,678.6709824206754
Bihar,Buxar,7240,7240.000000000006,73986.04818451419,57040.79169427793,16.57205639992678,219.64009238430435,1809.5130490096963,476.6942729140695,LOW,710.440173457622
Orissa,Dhenkanal,126,126.00000000000455,714.3097195113661,1538.1109831455929,0.28840871635232707,240.2486508411918,1773.5596083913063,474.9227697137629,MEDIUM,788.5009334922811
Bihar,Bhojpur,13357,13357.000000000002,142293.18945690058,97062.48892519336,30.573612891411855,214.4488949642904,1791.8526604438835,474.7670634383455,LOW,693.1361820575754
Haryana,Mewat,7558,7557.999999999991,66640.80825353338,68326.99741599482,17.2999450650064,223.2091004356234,1785.5246152867867,473.899456794671,LOW,727.2250301769386
Bihar,Banka,11074,11074.000000000004,98122.02164471426,98197.58738134116,25.347921626075838,222.79617297541404,1772.6375532826676,473.5299736320633,LOW,719.2937754279877
Karnataka,Bengaluru South,203,203.0,3720.7496514449,159.01920300352143,0.4646584874565101,181.31419379492849,1901.8474776707947,471.16598997786014,LOW,588.5938585429193
Rajasthan,Dholpur,8580,8579.999999999996,77537.5373411582,74417.84699080784,19.639260208752983,221.94347529591053,1770.8353843604016,471.0305925826615,LOW,715.5042066445578
Madhya Pradesh,Narsinghpur,5174,5173.999999999994,26202.20212115295,63123.533301516916,11.843069034975272,239.75990993224704,1726.1011675878233,468.6531091941808,LOW,772.1377506078176
Uttar Pradesh,Bareilly,27811,27810.999999999993,241737.33400171655,234807.83445997187,63.65821278154187,212.47490029376098,1713.4516340489301,468.0252407911291,LOW,693.1519707030578
Telangana,Hyderabad,25990,25989.99999999998,215958.54534636872,228428.50851340688,59.49002014283098,213.01395417682457,1709.772820821729,466.30854729560735,LOW,699.7982899001215
Andhra Pradesh,Mahabub Nagar,1511,1510.9999999999927,12847.688883049997,13870.124133242256,3.4586156381614948,221.35360583238227,1767.0511254161543,465.1246126908705,LOW,719.698474371499
Madhya Pradesh,Khandwa,4521,4520.9999999999945,17664.498245329403,59023.72248542513,10.348379417689062,241.90449767118682,1695.8916570268584,463.2350940662718,MEDIUM,780.9530430709501
Orissa,Koraput,119,119.00000000000364,867.9763486879258,1243.6606300772544,0.27238600988830736,222.0629064946587,1759.697482304317,463.05266551115926,LOW,727.8817856705041
Telangana,Mulugu,937,936.9999999999973,11647.625387725606,5242.189488001469,2.144753708112063,204.48683526109795,1800.6199227854027,463.01082830006317,LOW,671.3745601810328
Tamil Nadu,Ranipet,111,110.99999999999636,1394.0327356064017,625.9067588939599,0.2540743453579849,203.93625581614413,1803.5174058038945,462.74783137245834,LOW,664.2799286975812
Bihar,Munger,6087,6087.000000000008,55950.4597486408,50468.63880311452,13.932887749496455,217.14898299480404,1748.0141023612898,462.3571782945089,LOW,700.4698088259543
Orissa,Nayagarh,104,104.00000000000455,612.0289772562405,1211.8915941218397,0.23805163889398603,228.61644418710654,1737.067210836267,461.79307975247485,LOW,749.7269113119969
West Bangal,Hooghly,6,6.0000000000081855,94.62581163186809,32.189105296629904,0.013733748397748099,198.1891371976907,1811.6416704071141,461.4270228047875,LOW,648.6839585628401
Haryana,Faridabad,16155,16154.999999999982,160577.26732671616,118898.40553645945,36.97811756088627,208.12316477093856,1729.8568510966554,461.1263878730663,LOW,676.9385779613225
Madhya Pradesh,Vidisha,10374,10373.99999999999,49262.62944832062,124888.8062223166,23.745650979674046,234.0806819315966,1678.5680546567444,459.8776471910494,LOW,754.873657272316
Chhattisgarh,Manendragarh–Chirmiri–Bharatpur,294,293.99999999999,5135.165154520238,304.4929021977121,0.6729536714887159,181.17356499191223,1843.9518836332034,459.5790453240435,LOW,575.1152469741212
Arunachal Pradesh,Changlang,803,803.0000000000018,5791.036014479936,8188.785163658626,1.8380333272294505,222.0564935512872,1738.7837286241993,459.3364024986523,LOW,730.2763535189142
Karnataka,Belagavi,7805,7804.999999999998,54340.915137736076,79010.7178566277,17.865317707379607,222.3836973441572,1708.322226420238,458.2158892683401,LOW,725.492203707015
Madhya Pradesh,Narmadapuram,737,736.9999999999964,5870.28688343308,6915.441149254675,1.686962094854415,221.87662482100586,1732.4834732639235,457.941095691744,LOW,714.1934669036802
Uttar Pradesh,Gorakhpur,19969,19968.999999999996,158875.9193014455,178172.4517429163,45.7082036257096,213.01767138652332,1687.7735154950517,457.77599987998485,LOW,694.9612076789323
Karnataka,Udupi,3591,3591.000000000001,27368.728739987553,34478.48174338654,8.219648416041025,221.00283203408213,1721.804300762085,457.3281706942704,LOW,720.8893193400982
Uttar Pradesh,Lucknow,25514,25513.999999999993,209471.99998930213,217367.76496097288,58.40047610327781,209.27219993473614,1672.897373898785,456.7357175781084,LOW,682.4763028396418
Bihar,Jehanabad,4883,4883.000000000008,46387.73598923621,37436.56691252861,11.176982237685431,209.91909320440155,1716.3043182179524,451.5735049170969,LOW,678.0368428579459
Telangana,Narayanpet,1310,1309.9999999999968,16743.300827658524,6386.951672052151,2.99853506683757,192.80359546477692,1764.3213195812868,450.16562216869715,LOW,632.4304275266294
Assam,Nagaon,12873,12873.000000000004,97356.12617551319,117888.30288605968,29.465757187328357,213.45667156454238,1671.931249507324,449.9543128399346,LOW,694.6675729302272
West Bengal,Murshidabad,35911,35910.99999999998,371941.8611471951,219045.10762925682,82.19877311847648,192.07439275775877,1645.6531765884715,449.82746363211663,LOW,625.8024392271383
West Bengal,Birbhum,15509,15508.99999999999,151362.61431843106,110197.53177013183,35.4994506500641,201.78187028937168,1686.396815529097,448.82013344552445,LOW,658.1606976658479
West Bengal,North Dinajpur,342,341.9999999999991,4869.213146527811,1200.413844446543,0.7828236586705716,187.40948431650713,1769.570551304476,447.85369951675,LOW,610.2527444229661
Uttar Pradesh,Prayagraj,2865,2865.0000000000077,28983.27268614645,20225.103764697666,6.557864859915788,204.60474507450343,1716.9705670217766,447.66384539958176,LOW,666.9181199721994
Andaman & Nicobar Islands,South Andaman,38,38.00000000000182,321.49870644799444,333.61326247973966,0.08698040651895679,222.1356209544258,1679.7742793018824,447.04876045954506,LOW,712.4401157668483
Bihar,Madhubani,25930,25929.999999999996,181690.14691365272,238061.2572831521,59.352682658853716,210.3755848164855,1618.7243229987462,446.7384618056481,LOW,679.5584815648925
Rajasthan,Churu,12780,12779.999999999995,76097.26056023236,133227.7036607842,29.252884087163526,220.36387581308605,1637.782366176485,446.51427636798917,LOW,710.2388750351428
Rajasthan,Jodhpur,22215,22214.99999999999,139974.90737797943,219071.53230994966,50.84920344259294,215.08963451294676,1616.1615038167497,446.0318790526012,LOW,692.6580707013452
West Bengal,KOLKATA,1,0.999999999998181,25.075885116350335,13.289534765730423,0.0022889580662840635,124.45484872770427,1918.270994104038,445.88230987207965,LOW,400.40395912695664
Telangana,Bhadradri Kothagudem,3211,3210.999999999996,33519.15229176604,21498.88075363699,7.349844350851488,201.9011654558789,1712.8901944396957,445.73357492113405,LOW,661.0889941636359
Assam,South Salmara Mankachar,1472,1472.00000000001,21022.561537744907,4836.123043246569,3.369346273576293,186.00538600922354,1755.5115126267126,445.11579941202723,LOW,603.1632877458311
Dadra and Nagar Haveli and Daman and Diu,Diu,22,21.99999999998454,375.92458944132323,32.693973477894964,0.05035707745830561,178.13866742858292,1776.602447474862,444.4049303325014,LOW,555.6438993275038
Karnataka,Raichur,9779,9778.999999999998,48188.69981559816,110879.07289058313,22.38372093023257,222.7389226767048,1626.4598436214853,443.37654634171923,LOW,725.0096214821735
Jharkhand,Giridih,14303,14302.999999999995,125645.01301132083,110386.46313137202,32.7389672221205,205.73653990335606,1650.1081945098772,442.7115990202896,LOW,659.7931955425879
West Bengal,Purba Medinipur,14322,14321.999999999995,103413.96978104234,131230.65678785197,32.782457425379974,209.89194858906814,1638.236588486311,442.4280292194103,LOW,685.1942919981694
Sikkim,North,44,43.99999999999909,456.7867677012739,304.3997881354292,0.10071415491667991,203.29512356724376,1691.5256796371177,439.98291195752046,LOW,644.6500765269491
Madhya Pradesh,Dewas,10442,10441.999999999989,47302.994909766196,119841.56031116228,23.901300128181642,224.18719106369136,1600.5415610545676,439.3722977812137,LOW,720.228687712632
Uttar Pradesh,Azamgarh,20573,20572.999999999996,159406.53379395147,173150.53784080376,47.09073429774769,203.92694201767281,1616.3948266489513,439.369656627951,LOW,664.6587764494305
Bihar,Siwan,15311,15311.000000000002,123719.93131704502,125913.75748871436,35.04623695293905,205.5170256937547,1630.3140595987418,439.3351958525074,LOW,663.3632844891233
Telangana,Jagitial,1595,1594.9999999999968,16312.068168122498,10704.637422980037,3.650888115729715,198.94832007855462,1692.7760395427654,439.1246343825493,LOW,652.9128429058884
Uttar Pradesh,Baghpat,6839,6839.000000000006,54889.78682456498,58092.26693476855,15.654184215345198,207.12112400168454,1651.784411686163,438.6136996026784,LOW,675.3060497294697
Rajasthan,Bikaner,13283,13282.999999999996,81722.98320607403,131081.68841652723,30.404229994506515,213.5237802117353,1601.962297670892,436.27561863839804,LOW,687.4385563639736
andhra pradesh,rangareddi,1,0.9999999999881766,24.99177524994059,10.519253612433165,0.002288958066261164,162.23598319996995,1775.5514431186878,436.22896691114244,LOW,506.62736674984296
Rajasthan,Alwar,23383,23382.99999999999,144769.05651775587,223422.07167032734,53.52270646401759,209.45241636623973,1574.5429703561545,435.69161419355606,LOW,673.867343545655
Madhya Pradesh,Ujjain,14308,14307.999999999989,76703.36784295607,149867.55614168488,32.75041201245193,216.71436854869634,1583.4155006264655,434.86540800337684,LOW,695.3192793293152
Jharkhand,Jamtara,4450,4450.000000000003,32902.2789311184,39651.56428346249,10.185863394982617,211.2563728325769,1630.057138049447,434.6953730446727,LOW,678.1926386399905
Rajasthan,Karauli,8636,8635.999999999998,58397.79748082486,80969.43317976434,19.767441860465127,211.99461339416752,1613.606931348723,434.6489255249679,LOW,682.3413336387476
Karnataka,Vijayanagara,2119,2119.000000000002,14711.559226322319,19966.992671209293,4.850302142464757,211.30905313512648,1635.7807498835666,434.26576718701597,LOW,688.5767230102459
Gujarat,Arvalli,2391,2391.000000000005,8096.311857890037,29709.804574640882,5.4728987364951625,227.66582628695537,1580.5232622295537,431.579435210337,MEDIUM,732.2728574016767
Bihar,East Champaran,29323,29322.999999999996,248019.39971814465,212234.96104914873,67.11911737776968,194.17691145072203,1569.5483589117903,431.13386272105004,LOW,625.5629036790142
Chhattisgarh,Janjgir Champa,25,24.999999999992724,243.8972543225603,184.0917952194567,0.05722395165718902,202.18858748646542,1646.1117290077577,430.3338067302814,LOW,648.4986552892985
Mizoram,Saitual,12,11.999999999994543,136.94896848660224,76.2487654142187,0.027467496795446234,203.6064102336508,1639.9825684678533,429.8079590594347,LOW,600.3505606935131
Uttar Pradesh,Sultanpur,11434,11434.000000000004,83128.15868061771,98435.04184840694,26.1719465299396,201.70953291448222,1587.78487563642,426.263325543507,LOW,657.2674127721286
Madhya Pradesh,West Nimar,760,759.9999999999973,2055.1083321699593,9776.576195016853,1.7396081303790463,228.3030428594442,1554.7548655961646,425.6243769880687,MEDIUM,735.6148603651415
Nagaland,Wokha,558,558.0000000000118,1801.040768228635,6953.501402639114,1.2772386009888579,223.71350646341028,1566.1077228743738,425.46146938687656,MEDIUM,732.0273327152698
Bihar,Lakhisarai,6155,6155.000000000008,48950.05692299189,49500.41696222236,14.088536898004056,201.58132319486617,1599.2604594739155,424.86931456161744,LOW,650.2442761594947
Maharashtra,Raigad,3433,3433.000000000009,42337.644246497,14031.684420110027,7.8579930415675046,178.16530881211185,1641.5063676938562,419.74132585729745,LOW,582.9688762911707
Bihar,Saharsa,13063,13063.000000000004,81183.90169441042,119828.17670101424,29.90065921992312,203.09434796300803,1538.6717574665083,418.25172324078267,LOW,655.2876920533009
Maharashtra,Nandurbar *,140,140.00000000001455,611.492311312603,1564.3726191693354,0.3204541292803851,218.6125565489274,1543.1666173630767,418.0357379858632,LOW,717.793035413889
Tamil Nadu,Tenkasi,1268,1267.9999999999964,9921.435426965167,10185.413007662459,2.902398828053464,199.0426045266267,1584.4640216412627,417.28482623998195,LOW,647.9677577325231
Karnataka,Gadag,4457,4457.0,28803.86527750656,40783.71968519607,10.201886101446627,202.99466678214452,1560.9597344706738,416.74984611564105,LOW,660.8621018336394
Uttar Pradesh,Kheri,24578,24578.0,183097.46416516445,190005.6169436003,56.25801135323205,190.68739075788437,1517.9750238364652,415.8161035522049,LOW,620.5269389168025
Tamil Nadu,Mayiladuthurai,502,501.99999999999727,3591.3248338883022,4324.77342697424,1.1490569492766838,200.2829394020083,1573.7769902311215,415.2415848320115,LOW,652.1022073171285
Arunachal Pradesh,Leparada,3,3.000000000001819,26.22263478435662,37.435619409095125,0.006866874198868845,191.62264496505196,1591.4563548362937,414.10465351204437,LOW,628.8301915647967
Chhattisgarh,Mohalla-Manpur-Ambagarh Chowki,14,13.999999999990905,177.08191227044264,62.978143854576565,0.03204541292801436,185.40349340958997,1600.4003741667948,412.79143516203237,LOW,592.5483416997137
Jharkhand,Deoghar,8324,8324.0,60311.68210349784,68019.3412904105,19.053286943783203,197.2965545810571,1541.5137945214217,412.66702227794786,LOW,631.6599111349246
Madhya Pradesh,Panna,9339,9338.99999999999,42760.36379424319,98032.19594392991,21.37657938106573,209.44733686283286,1507.414986490076,412.61963954375136,LOW,672.7625070431036
Uttar Pradesh,Banda,10591,10591.000000000004,69461.04495587031,92466.34980381669,24.242354880058624,198.0325774765438,1528.770720918495,412.04313938598847,LOW,643.3442279790006
Gujarat,Mahisagar,2563,2563.0000000000045,7514.196864553216,30974.698479473365,5.866599523896737,217.99929987813985,1501.1269634955765,410.98502249535426,MEDIUM,701.7177693722916
Uttar Pradesh,Moradabad,21545,21545.0,163510.76988638754,160485.38033031925,49.315601538179855,187.51810793344657,1503.7415307560882,409.3020405793949,LOW,609.9626628353432
Karnataka,Vijayapura,5596,5596.0,31768.68489460939,53168.808648651684,12.809009338948918,201.56062333699984,1517.5539314500818,408.133800760201,LOW,656.0819570164904
West Bengal,Cooch Behar,10728,10727.999999999993,122849.03729899594,45113.07457364731,24.555942135140086,173.49162808179864,1565.496429048777,407.2118824911968,LOW,563.8598903072711
Assam,Biswanath,1329,1329.0000000000114,11040.2940408879,9593.456339610848,3.0420252700970796,190.86693611662542,1551.4098030450189,406.62803624834567,LOW,617.7017881038374
Karnataka,Yadgir,6258,6258.0,33395.60483260863,60889.21156221652,14.324299578831726,201.81244334585128,1506.3878637933399,406.48108430524314,LOW,656.9213570459954
Uttar Pradesh,Aligarh,26192,26192.0,186430.33381602712,199496.30059291897,59.95238967222124,185.97175395602918,1473.3960768485706,405.65080924939514,LOW,604.8081495772852
Telangana,Warangal (urban),7,6.999999999996362,117.35611576259646,11.856264308675598,0.016022706464009263,162.1035605150467,1615.154750890901,404.0875372476428,LOW,530.0969776941952
Orissa,Baleshwar,384,384.00000000000364,2044.686676424526,3789.1663775817024,0.8789598974546875,199.97455640894077,1515.2865075340853,403.30826768052384,LOW,654.2539520514445
Uttar Pradesh,Varanasi,23334,23334.0,159431.22515088425,182433.1403981045,53.41054751876949,186.35625000899344,1465.0283503277856,402.2069593256847,LOW,606.089803087166
Bihar,Arwal,3866,3866.0000000000095,27830.844432127073,30682.00627206336,8.849111884270307,193.27518417392574,1513.1329377861505,401.91891320947406,LOW,622.5571460896932
Gujarat,Dahod,10509,10509.0,35978.42585424017,116877.67154157584,24.05466031862298,207.52030607011105,1454.3872254597145,401.8539962225853,LOW,663.4544566788624
Maharashtra,Raigarh(MH),88,88.00000000001182,868.9636389663525,522.2863261492248,0.20142830983339105,176.30748753679248,1563.2022079950304,400.8546138603524,LOW,575.1094720401062
Assam,Charaideo,1189,1189.0000000000118,9900.46802529206,8268.53150253394,2.7215711408167294,187.5426709853004,1526.8066830105886,399.94914343701294,LOW,608.2875709994206
Bihar,Muzaffarpur,28855,28855.0,206912.7988139563,208583.19489002624,66.0478850027468,182.4748245745735,1439.894627474295,399.0307032829698,LOW,586.5559474251859
Rajasthan,Bharatpur,17054,17053.999999999993,105050.07010228808,141200.7009812647,39.03589086247941,189.964747563002,1443.8626272855633,395.4656664973575,LOW,608.9084475348625
Uttar Pradesh,Balrampur,12324,12324.000000000004,78031.78093277635,102115.65367124177,28.209119208936116,188.89780532003303,1461.6424714321956,395.2401327091365,LOW,614.5616541239647
Uttar Pradesh,Sitapur,30854,30853.999999999996,169328.16099339895,264296.38134140015,70.62351217725696,185.46862686628504,1405.3623151346592,394.9938301132515,LOW,603.131059278138
Bihar,Bhagalpur,21062,21062.0,155021.5699964899,148305.91339413568,48.21003479216264,181.4550402655725,1440.0962986783722,393.2097903061095,LOW,583.1566663951826
Madhya Pradesh,Khargone,15039,15038.99999999999,40967.173491317546,169177.51635301748,34.42364035890863,205.01219480517642,1397.2386292841425,392.28091536708934,MEDIUM,654.6453668509154
Uttar Pradesh,Kanpur Nagar,24708,24707.999999999996,170173.98670477193,181342.2731395327,56.55557590184951,179.6812126790172,1422.6243872447474,391.33215655901296,LOW,583.8396786539118
Uttar Pradesh,Meerut,24027,24027.0,167216.1128655975,173654.23977133536,54.99679545870724,178.61349415574216,1418.6380582525921,389.5333973660017,LOW,580.2806169096618
Karnataka,Gadag *,145,145.00000000000273,867.2711926563566,1252.8645690625647,0.3318989196117992,197.31481695396218,1452.1477819992613,389.1865345527169,LOW,641.9292690730316
Uttar Pradesh,Siddharthnagar,14013,14013.000000000004,93694.23643098236,107432.97857733052,32.07516938289693,182.47897628777835,1435.1877765685235,387.899594272463,LOW,593.1655573497825
Madhya Pradesh,Katni,10941,10940.99999999999,57005.81607333133,98445.14375461354,25.043490203259474,192.45790695701777,1420.681409504157,387.8782824403181,LOW,616.13107402372
Bihar,Jamui,10382,10382.000000000005,66859.99257758574,82064.31474615405,23.763962644204387,186.21925277248508,1434.3090371158605,387.100622602676,LOW,599.0373747515578
Uttar Pradesh,Unnao,19148,19148.0,124552.52084961112,146530.29513372167,43.82896905328697,180.73523994946953,1415.6499868574485,386.64630806221055,LOW,587.353102888753
Orissa,Kandhamal,32,32.00000000000273,273.14049281837845,213.22059233806752,0.07324665812122952,183.0929642685865,1473.8214701710483,386.3327501659393,LOW,597.9819782502635
Uttar Pradesh,Hardoi,25193,25193.0,143896.48724240062,205101.80680889456,57.6657205639993,181.14861564655638,1385.2436852079668,384.92276103407136,LOW,588.7310218790425
Uttar Pradesh,Agra,29910,29909.999999999996,175963.69410001798,235051.97762066926,68.46273576268086,178.38345687886627,1374.128821238632,384.5563134159638,LOW,579.5138259867422
Bihar,Gaya,27401,27401.0,195181.72147236575,185160.62221826482,62.719739974363705,175.06770075239453,1388.0094288396122,383.9516581364288,LOW,561.8655346845893
Madhya Pradesh,Datia,5843,5842.999999999993,36439.96847422854,47068.862236209636,13.374381981322095,187.5750620297517,1428.9669868315907,383.59324297559067,LOW,599.8549242661663
Odisha,NUAPADA,38,37.99999999999818,320.0055002467913,252.6864336081939,0.08698040651894846,176.0946303038969,1468.4408560384236,381.76158048158885,LOW,575.1772995771136
Rajasthan,Jhunjhunu,311,311.00000000000273,2640.3486088250684,1868.5977822681314,0.711865958615645,181.9003469741208,1445.1751253503846,380.198758344722,LOW,582.0271122385918
Arunachal Pradesh,Kamle,30,30.0,320.61927409536065,136.92171160942755,0.06866874198864681,166.91906850487297,1475.938663563833,378.66786758779966,LOW,546.4849366975335
Tamil Nadu,Kallakurichi,1064,1063.9999999999955,10818.772775983,4834.320249632496,2.435451382530663,167.1167704438222,1469.7739930155394,378.2438192397782,LOW,539.8816441231749
Uttar Pradesh,Rampur,20110,20110.0,155533.3499121378,124889.16259172276,46.030946713056245,170.3712496597544,1394.3737879959253,377.86966644297917,LOW,552.8064685897026
West Bengal,Darjiling,726,725.9999999999991,8189.4840565726445,2518.8687793736412,1.6617835561252507,162.64283900179683,1472.950871519434,376.4101288716228,LOW,527.6972600405985
Bihar,Gopalganj,15148,15148.000000000004,105807.9540223859,103488.92338859467,34.67313678813407,174.94085016979278,1381.5887346424224,374.1901130498211,LOW,561.44269940925
Uttarakhand,Hardwar,146,145.99999999998818,1202.219062998634,890.4407004136348,0.3341878776780541,178.4399219701856,1423.578070348482,374.03583141809264,LOW,553.7173190147082
Westbengal,Hooghly,6,6.000000000010004,86.77124229668624,16.494340978653433,0.013733748397752262,156.27825153875332,1475.2226182191382,373.1877695377236,LOW,494.35951286812383
Uttar Pradesh,Hapur,7262,7262.000000000006,44304.844575063435,56725.37606270718,16.62241347738512,179.55091760760712,1391.0260310859235,372.96738906420376,LOW,583.4053617492116
Jammu and Kashmir,Badgam,1865,1864.9999999999918,12100.80994821193,14155.03295462223,4.268906793627525,179.928139002055,1407.0655360575647,372.6578487506287,LOW,582.9988220330215
Madhya Pradesh,Chhatarpur,17836,17835.999999999985,79861.23541546102,158537.28111448843,40.82585607031678,184.38326034341867,1336.5393089081654,371.7472487744375,LOW,589.215585311723
Karnataka,Chikmagalur,154,154.00000000000273,714.4290679663713,1453.181614944945,0.35249954220839325,182.44692128249875,1398.4585051040751,371.02091152472696,LOW,592.3696168348201
Manipur,Pherzawl,11,11.000000000001819,177.47600794329128,-1.201230372708176,0.025178538729174662,153.999721566776,1468.9564797548592,370.7987102959786,LOW,452.60888589763607
Orissa,Sambalpur,25,25.00000000000182,243.8972543225603,129.78083587658452,0.057223951657209844,165.80273627234033,1437.2234238428643,370.3632200902402,LOW,540.3478849294429
Orissa,Gajapati,8,8.000000000002728,66.00037196247729,60.01409023191464,0.018311664530312063,179.98236827334972,1400.1606910487994,370.0288158457939,LOW,587.6133249328076
Nagaland,Zunheboto,761,761.0000000000109,2446.655561719926,7966.782510306258,1.741897088445366,192.26003207065386,1366.592922838082,369.9711697294769,LOW,627.1824180727485
West Bengal,Purulia,783,782.9999999999991,7357.74999711909,3869.4961561969353,1.7922541659036797,164.90689022568867,1432.0467032290849,369.40046200843244,LOW,535.2440974535713
West Bangal,Howrah,4,4.0000000000081855,54.159355965321964,18.014983339469648,0.009155832265171644,153.95625703588456,1443.4867860958325,365.6782324867884,LOW,502.9076913568195
Bihar,West Champaran,30438,30437.999999999996,233376.43498616185,166898.49534192885,69.67130562168104,160.76482887409128,1315.0068344166716,364.2851730068843,LOW,514.1892950902451
Gujarat,Banaskantha,17360,17359.999999999993,75199.0964789907,151752.44372750062,39.73631203076361,180.6897781860445,1307.249237984513,363.71563029915393,LOW,577.3526970653071
West Bengal,Uttar Dinajpur,26892,26891.99999999999,270222.61967793416,91716.58110489332,61.55466031862298,149.0188422422888,1345.8491086261386,362.145640941959,LOW,482.28393750890496
Bihar,Saran,24218,24218.000000000004,169818.86057705106,148452.52537715354,55.43398644936829,164.64666572910775,1314.139254115383,361.781379622441,LOW,527.1287512736334
Uttar Pradesh,Etah,11264,11264.000000000005,61883.1839686459,87433.08222890324,25.7828236586706,173.41382940899746,1325.4883816915146,359.53943814040286,LOW,562.9484010871794
West Bengal,hooghly,3,3.0,34.74169221711254,20.790786575761473,0.006866874198864681,157.10104073571136,1388.3119698218504,356.21497439448547,LOW,509.2245991536469
Madhya Pradesh,East Nimar,3859,3858.9999999999945,9603.4575336668,40272.14076845906,8.833089177806256,189.88387284115836,1292.1139456509288,356.01465230410685,MEDIUM,607.5509603041886
Madhya Pradesh,Sheopur,7230,7229.999999999992,38687.34788265555,56181.47566696378,16.549166819263863,175.84965532965094,1311.9737733317568,355.284332376956,LOW,560.7702352658305
Pondicherry,Yanam,26,25.999999999995453,244.35994089538968,129.26190647084462,0.0595129097234835,153.54227122583,1383.7846198749419,353.54591346082043,LOW,486.62124600260137
Gujarat,Devbhumi Dwarka,2490,2490.000000000004,6589.867102722315,25410.879576831034,5.699505585057695,188.21602777881222,1284.6546238279143,352.74879033050627,MEDIUM,600.7735290411995
Orissa,Kendujhar,49,49.00000000000182,388.2429518041414,293.4255680103704,0.1121589452481273,159.76068427699403,1363.3370396290236,352.5813977478762,LOW,520.207711611622
Madhya Pradesh,Umaria,5300,5299.999999999993,29604.41433590174,39279.70642442903,12.131477751327587,172.13102453850098,1299.455211475774,349.5959978898036,LOW,548.3747992953306
Uttar Pradesh,Ayodhya,1693,1693.0000000000086,15266.302793319528,7536.250072586309,3.875206006225988,154.01646447196342,1346.0775009389513,347.38629422563974,LOW,498.2905179637326
Uttar Pradesh,Shahjahanpur,24291,24291.000000000004,149487.3832018168,154482.65491834813,55.601080388207336,158.35333722685309,1251.317463033776,346.120485336644,LOW,512.7467604800315
Uttar Pradesh,Gautam Buddha Nagar,18957,18957.0,153997.48307248493,89462.4494808849,43.391778062625924,151.49021247077178,1284.2068390830775,345.60400747078916,LOW,489.8696779597605
Jharkhand,Sahibganj,365,365.00000000000455,2643.598588776129,2173.665243628575,0.8354696941952132,161.6077823158308,1316.1923039357114,344.29299285331626,LOW,512.6973369175035
Orissa,Sundargarh,139,139.00000000000364,612.9919331311145,1185.535714179783,0.3181651712140719,170.72709999562167,1284.6626052220695,342.391520593589,LOW,556.7624306737141
Assam,Majuli,515,515.0000000000109,3293.201235906523,3405.2963626082637,1.178813404138462,163.47734755609633,1298.1584493245712,341.7240076642039,LOW,528.069826235407
Madhya Pradesh,Maihar,418,417.99999999999363,4019.5879745077277,1522.203144117016,0.9567844717084644,150.80764008123816,1322.62317866939,340.2154911160096,LOW,477.2968511044547
West Bengal,Darjeeling,7319,7318.999999999998,53861.412666699965,40101.308594242924,16.75288408716353,155.35373254236112,1283.6437330729905,339.43147811192773,LOW,503.4002385091461
Orissa,Rayagada,181,181.00000000000273,876.5149861694711,1438.782003052473,0.41430140999817533,169.32584459375204,1272.1412028692002,339.21545329371554,LOW,548.7582460008153
Nagaland,Chumukedima,184,184.00000000000819,1786.212580680702,648.4497083309788,0.4211682841970525,149.29722220755446,1316.0336697360437,337.98169553624507,LOW,483.97305186241715
Madhya Pradesh,Narsimhapur,1189,1188.999999999995,4289.446340151376,10377.96943175963,2.7215711408166907,173.1944440062564,1232.5559472194122,333.92488278925566,LOW,551.9195308545154
Kerala,Kasargod,315,315.0,1783.573450657344,2196.692953599196,0.7210217908807915,162.4544778641686,1259.5779760305506,333.35914067545866,LOW,522.9177327106756
Jammu and Kashmir,Doda,3964,3963.999999999991,11340.747866399763,36785.07840012156,9.073429774766511,172.83034930246328,1213.766110126641,331.8904256089898,LOW,559.3395230343825
Uttar Pradesh,Mainpuri,11726,11726.000000000004,69466.3532175565,73891.63733223395,26.84032228529576,155.25587003381415,1222.4609068797683,330.1722130784495,LOW,502.42186983656836
Madhya Pradesh,Alirajpur,7010,7009.999999999993,21542.723739775356,62171.5603914015,16.045596044680455,171.34384243420337,1194.0419930277687,329.29399863605954,LOW,545.750858947672
Uttarakhand,Garhwal,56,55.99999999998818,390.34567649821395,310.0077114589016,0.12818165171211365,166.20253662536908,1228.690154310729,328.87775367034396,LOW,514.5927011986531
Rajasthan,Jalor,13991,13990.999999999998,66708.78013360256,99774.80262232125,32.02481230543858,160.30194310609537,1189.8483616060878,327.72808756589683,LOW,510.03243267850706
West Bengal,South 24 parganas,2,1.9999999999990905,30.133315282122872,11.212691381716013,0.004577916132574372,102.91332414186793,1378.200222127963,327.09807987136634,LOW,328.5988771741688
Assam,Chirang,3348,3348.000000000011,13510.699893215135,26842.997452505835,7.663431605933009,165.318034265076,1204.9476663398318,325.9475798822843,LOW,534.2054485986725
Telangana,Jangaon,81,80.99999999999727,743.9730587012602,292.7944364622396,0.18540560336934014,144.53941948412745,1264.350603857927,325.19545219465994,LOW,471.5498409244644
Uttar Pradesh,Maharajganj,17871,17871.0,108868.108177356,103067.70698687703,40.9059696026369,148.9323567324263,1185.8539344462456,323.9087561362534,LOW,481.34349216527556
West Bengal,HOOGHLY,2,1.9999999999990905,30.133315282122872,11.093001504195609,0.004577916132574372,97.96711313588233,1374.210559543949,323.82704185157075,LOW,310.4448404875501
Chhattisgarh,Janjgir - Champa,33,32.999999999991815,207.39708407943795,209.08100983249773,0.07553561618749276,154.98621460463008,1224.9355703292226,322.5028820530158,LOW,491.15741234984745
WEST BENGAL,HOOGHLY,4,3.999999999976353,46.5587699077503,16.785653822003617,0.009155832265098782,136.7524276963552,1266.8884745950784,321.7566555168728,LOW,430.6162004292921
Madhya Pradesh,Morena,22381,22380.999999999985,110008.58085713144,145372.61565494665,51.229170481596775,153.85129648735017,1141.011511536405,320.49670169543515,LOW,484.109039124828
Mizoram,Saiha,657,656.9999999999964,1803.5773040096938,5686.389429969025,1.503845449551357,182.6054802157891,1138.2928167140908,319.4124570855781,LOW,532.0141273006409
Jharkhand,Pakur,6924,6924.000000000001,45486.22515983609,37297.234736124105,15.848745650979687,150.8314039357962,1195.4290237683783,319.2561304168677,LOW,476.7760756507216
Telangana,Medchal−malkajgiri,535,534.9999999999991,1719.2594265171688,4643.3981207172665,1.2245925654641994,162.922606332506,1187.062975230305,319.2412759819533,LOW,531.160463752393
Gujarat,Patan,8967,8967.000000000002,29589.01597979638,73914.76541874772,20.525086980406538,163.91072019463508,1154.1456444975925,318.942015090958,LOW,521.422503760609
Madhya Pradesh,Pandhurna,98,97.99999999999363,866.2739218207804,359.5510489010578,0.22431789049623166,141.59678271639635,1238.20704113317,318.507094951981,LOW,446.5939932216486
West Bengal,Purba Bardhaman,3041,3040.999999999999,24479.480922202572,12742.47413935362,6.960721479582496,143.00419815570743,1223.6014155672644,318.31059863518135,LOW,462.2351238869672
Orissa,Subarnapur,6,6.000000000001819,56.994556490184934,30.575245264240902,0.013733748397733527,135.94117705167918,1250.997167920369,318.17414223443274,LOW,440.8093541939058
Rajasthan,Chittaurgarh,357,357.00000000000273,2054.7452540930963,2233.4444894022918,0.8171580296649033,155.3595097204292,1197.818364104857,317.4885750900855,LOW,493.55765472628656
Karnataka,Bagalkot *,249,249.00000000000182,1203.9393824315512,1790.228688490416,0.5699505585057727,153.84373269989374,1197.667228368787,316.626297191256,LOW,497.02565489280346
Madhya Pradesh,Gwalior,18542,18541.999999999993,81706.33953841425,127105.67293874084,42.44186046511629,153.27008021634597,1126.0961682422212,314.58683189615215,LOW,485.50498488814736
Karnataka,Chamarajanagar,249,249.00000000000182,1066.6573303094594,1852.3782694630604,0.5699505585057727,157.80970165296355,1167.6142399090081,312.5986839758352,LOW,510.24555140303625
Uttar Pradesh,Bagpat,1,1.0000000000081855,14.220731261478242,11.033580680756778,0.002288958066306963,112.26400374103531,1262.715597111751,308.6758079802878,LOW,357.4489821939723
Bihar,Nawada,15413,15413.000000000005,86486.21659649751,86300.52900072552,35.27971067570046,144.0022130753158,1120.9727883561895,306.77957741160594,LOW,458.3139090943269
Mizoram,Lawngtlai,1642,1641.999999999995,4416.2817534529,13458.930018609683,3.758469144845258,172.80811141181428,1087.9617633635169,305.1239491220641,LOW,499.3562312873915
Odisha,ANGUL,1,0.999999999996362,14.925887293047504,11.324893524106962,0.0022889580662798998,82.73162561516575,1312.5390408577232,303.8743076665474,LOW,263.9672839480096
Assam,Kokrajhar,4609,4609.00000000001,22950.63453338279,28972.863379920436,10.549807727522461,146.25846427781835,1126.3231651475755,301.558807486681,LOW,470.67354864114714
West Bengal,Jhargram,962,962.0,7171.453349101166,3987.084198771362,2.201977659769274,137.31597272461025,1158.7266404852055,301.06390775727704,LOW,443.27437244997657
Assam,Dhubri,12646,12646.000000000007,80789.31390626827,59401.874318702634,28.946163706280934,136.1898101236921,1108.4936208189367,298.4774783375177,LOW,437.1113681273929
West Bengal,HOWRAH,3,2.9999999999990905,36.20551509220728,11.856264308675598,0.006866874198862599,114.86594134895118,1201.544485022072,297.74392774114966,LOW,368.44093453111293
Assam,Barpeta,14383,14383.000000000007,59164.04466986159,95410.6797385467,32.92208386742359,144.5583230036998,1074.6296190795906,297.0817104779951,LOW,465.00641106075193
Madhya Pradesh,Mauganj,438,437.99999999999363,4038.8315207245864,1020.0452349537776,1.002563633034229,130.0200016424597,1152.3637256670534,295.7835150445508,LOW,408.0047229751931
Karnataka,Chamrajnagar,380,380.0000000000018,2032.337443248473,2241.8887778572685,0.8698040651895304,141.5577028668255,1121.844152521192,295.408623157208,LOW,456.07222211590937
Ladakh,Kargil,492,492.00000000000364,2447.0747014464137,3016.610583297387,1.126167368613816,145.85405956642956,1108.2525932543206,294.915398644663,LOW,460.44187759631734
Madhya Pradesh,Barwani,21823,21822.99999999999,83160.08417512215,143043.04687326303,49.95193188060796,143.67159136263137,1036.4879538507384,294.1189660156458,LOW,453.51002204243196
Orissa,Jajapur,111,111.00000000000273,479.76939800095806,748.124135326106,0.25407434535799944,146.64530601940223,1096.3335118991645,292.6655776931414,LOW,476.4897840863159
Nagaland,Kohima,1621,1621.00000000001,3320.094105507931,14030.357492690735,3.7104010254532387,154.27724307799494,1069.694919740978,292.19072579482906,LOW,500.5731214305521
Gujarat,Chhotaudepur,4107,4107.000000000003,9603.531408219109,33797.51207775498,9.400750778245754,155.20652378348893,1056.5005717130987,291.7236014678379,LOW,492.40851572345525
Rajasthan,Sirohi,10732,10732.0,41318.347709266425,70133.13542722927,24.565097967405254,143.61051321465968,1038.4001037593935,286.8548067494301,LOW,452.7276663737215
Nagaland,Dimapur,3196,3196.000000000009,8228.400200027474,25264.64072227888,7.315509979857195,148.6262768137331,1047.6396910324163,286.03572960730696,LOW,481.73656721634603
Sikkim,Namchi,24,23.999999999996362,272.8580109733324,11.212691381716013,0.05493499359090912,117.31286785760133,1136.2828094201936,285.9294763109167,LOW,356.37589082814094
Madhya Pradesh,Agar Malwa,2537,2536.9999999999936,9888.686382884078,16857.16286845754,5.807086614173217,145.78622885981855,1053.8159673499456,285.39843388415034,LOW,458.89214703305595
Sikkim,West Sikkim,501,500.9999999999991,2040.779626196841,3210.800017595841,1.1467679912103996,148.15102511175886,1046.1314031459526,283.6458235824331,LOW,459.1697483419993
Assam,Nalbari,3881,3881.00000000001,20963.681167154522,20240.094237865935,8.883446255264632,134.77043437540846,1061.4058579345815,282.33142265119994,LOW,432.38011563311414
Madhya Pradesh,Bhind,13967,13966.99999999999,58040.846307117376,83348.12358381775,31.96987731184765,137.65025660341445,1012.2348932627084,280.8630701478032,LOW,433.4389061783756
Jammu & Kashmir,Kathua,8,8.000000000014552,51.49494943076638,43.896097676836554,0.018311664530339125,131.39751226612023,1059.9005234178103,277.6843543159813,LOW,427.7730395053901
Madhya Pradesh,Jhabua,13488,13487.99999999999,41421.94719504563,88740.37001772245,30.87346639809559,136.99226092629993,964.9515695215958,270.7484842868978,LOW,431.24558725466056
Bihar,Sheikpura,29,29.000000000010004,178.59996632827838,128.97059362749445,0.06637978392238149,128.72237002008012,1025.2351998525762,269.428138915732,LOW,407.3810989102079
Nagaland,Phek,1043,1043.0000000000105,1468.348249285031,8719.895917029751,2.387383263138645,145.44704374693524,975.8854565435614,268.61682816112153,MEDIUM,471.13912366035305
Chandigarh,Rupnagar,3,2.999999999965439,24.870964834502022,15.845448163745951,0.006866874198785573,122.65303256813269,1017.9103249561994,264.9106413375659,LOW,332.7949511053482
Madhya Pradesh,Burhanpur,9689,9688.999999999993,16596.66325961861,74134.70612964925,22.177714704266617,141.44438976918937,936.3402413753132,264.64355757093733,LOW,444.419350064292
Jammu & Kashmir,Rajauri,2,2.0000000000136424,18.142787526825796,12.370591376999208,0.0045779161326076805,110.59949184398339,1017.1126301275001,258.7236453223315,LOW,356.7796380982672
Jammu and Kashmir,Kargil,526,525.9999999999909,2042.56708655829,3066.4469144693417,1.2039919428675867,126.61596913294395,969.452372111505,257.5596565716333,LOW,403.6249224693181
West Bengal,South 24 Pargana,2,1.999999999998181,21.325812578805337,11.033580680756778,0.00457791613257229,72.06051420410613,1078.6464419854037,251.7609188739736,LOW,224.08951071496276
Bihar,Sitamarhi,42232,42231.999999999985,169822.83416857466,181988.1037619997,96.66727705548438,110.4323636268272,833.0237916571741,250.82112326149374,LOW,346.41441093269816
Karnataka,yadgir,689,689.0000000000018,2089.104204409364,4320.247878818706,1.5770921076725928,127.7253024879825,928.8916062649378,250.1141001292806,LOW,409.96422085309933
Assam,Baksa,3699,3699.00000000001,17007.334304750035,17544.650290835598,8.466855887200175,120.23989639614634,933.8374215023142,249.42748926469608,LOW,383.94498903557377
Assam,Udalguri,4565,4565.00000000001,19784.892285258644,22465.971331655037,10.44909357260578,120.46987570026981,925.3364786884292,248.4369616596025,LOW,384.71158671598533
Jammu & Kashmir,Punch,1,1.0000000000136424,9.389129171159034,12.009935671600754,0.002288958066319454,65.28936738295931,1069.9532421379895,246.63601880649745,LOW,204.07922322818695
Maharashtra,Hingoli *,1,1.000000000010914,8.50605096903949,11.495608603277145,0.0022889580663132086,86.63867820766448,1000.0829786158316,243.33662151441848,LOW,277.88010760967944
Assam,Lakhimpur,7199,7199.00000000001,35465.18645447033,29730.078136871434,16.47820911920897,114.38059295056948,905.4897859908579,243.23171640921902,LOW,364.41397755031755
Nagaland,Tuensang,1579,1579.0000000000086,4264.413485613294,9693.203656101201,3.61426478666913,123.39681938052452,883.39348998193,239.461387122649,LOW,397.6383757723173
Orissa,Kendrapara,53,53.00000000000182,244.14774829695116,248.14012383927533,0.12131477751328021,111.83540498838123,911.6442076596787,238.28293845938035,LOW,360.4567806495793
Uttar Pradesh,Bahraich,39338,39338.0,129711.34017213683,181074.65708270067,90.04303241164628,106.24376728280882,790.0200748743931,238.13880833977692,LOW,339.048193999884
Gujarat,Gir Somnath,5723,5723.000000000002,12086.657089192391,36785.46128425067,13.099707013367528,126.01497699422315,853.8105935262589,237.69951930637365,LOW,395.10335975923596
Assam,Sibsagar,2737,2737.0000000000105,13089.716991405809,11369.254991191166,6.264878227430902,113.09881914342348,893.3152659823584,237.0919262364127,LOW,360.1413981931642
Bihar,Purba Champaran,127,127.0000000000091,927.6619573266291,250.07151011640497,0.2906976744186257,105.24805049242065,920.1042714398703,236.73208883651,LOW,329.13336715134307
Uttar Pradesh,Jyotiba Phule Nagar,84,84.00000000000728,605.8181219727209,182.73950300693966,0.19227247756822774,101.99674987257961,927.7148529172476,236.59902726300982,LOW,324.89146929911993
Assam,Karbi Anglong,8107,8107.000000000009,31109.110455965707,39177.22718202808,18.55658304339868,115.12623560397388,866.8763892204463,236.5053705590958,LOW,366.8994530616655
Assam,Kamrup Metro,6046,6046.00000000001,26188.437409874077,26705.181283199076,13.839040468778643,113.5048195193459,874.7084288584944,235.8458076720054,LOW,361.49473277957225
Orissa,Malkangiri,47,47.00000000000182,207.39708407943795,208.85339327010803,0.10758102911555083,115.91414095707076,867.1884944782208,231.42704368291425,LOW,374.05256721187766
Nagaland,Mon,2223,2223.000000000009,4584.889041566535,14035.772098597487,5.08835378135875,120.80988988849097,837.2599433526988,229.3834397491929,LOW,389.01527746553893
Nagaland,Tseminyu,32,32.000000000009095,97.73492151519281,182.13092992992136,0.07324665812124409,116.24297554467802,848.0783377124671,227.75912931226884,LOW,373.792229652829
Orissa,Jagatsinghapur,35,35.00000000000273,89.34989806041766,210.16956696573266,0.08011353232009419,120.79165081980992,831.9985139615287,226.81956226190675,LOW,390.31093342100826
Manipur,Churachandpur,4638,4638.000000000003,19321.0205574501,18743.37343971941,10.616187511444803,117.4787808370168,820.5301573004851,226.03027813203886,LOW,337.53908346510536
Bihar,Aurangabad(bh),105,105.0000000000091,707.67257429661,210.60566884627846,0.24034059696028467,96.97085846842715,866.3002293800835,221.81757728931836,LOW,301.5427270713647
Gujarat,Botad,2947,2947.0000000000027,7523.738665863235,16240.752793521211,6.745559421351412,116.51258162907325,806.1225054065279,221.50445972224765,LOW,363.4287085420696
West  Bengal,Hooghly,15,14.999999999968168,101.8091793258093,32.394100740438674,0.03433437099425054,100.54803100216232,838.7705004140498,218.03841589518942,LOW,294.7540015584526
West Bengal,Medinipur,29,28.99999999999909,179.30512235984764,74.12543486314834,0.06637978392235651,97.33530503862528,844.7685240766534,217.64127126982004,LOW,310.00548016335995
West Bengal,Hugli,194,193.9999999999991,1203.8429064196653,436.09379272041315,0.44405786485991394,98.59416237791127,840.993179046194,217.6289343576524,LOW,314.20167129431326
West Bengal,West Medinipur,2,1.999999999998181,15.745188306943648,12.069356495039585,0.00457791613257229,62.9314762098028,927.151493399441,216.89741015962937,LOW,195.32605073395166
Assam,Sonitpur,9197,9197.000000000007,43493.99063878593,30104.9823994898,21.05154733565284,99.76542982994054,800.1627858042589,216.23073627651792,LOW,315.69676714822106
Orissa,Anugul,51,51.00000000000182,208.36003995431193,209.6506375599928,0.11673686138070376,101.747053074022,803.866687527509,211.68188510092702,LOW,326.82894093504854
Sikkim,South Sikkim,459,458.9999999999982,1409.690704972671,2188.251271280173,1.050631752426292,108.07653263765906,782.1612991854008,210.7857156816376,LOW,325.5881067616666
Assam,Hojai,7050,7050.00000000001,25314.564749653564,29002.861079352733,16.137154367332023,102.04166052486714,770.3506712382116,209.9321108202755,LOW,323.2842027979764
West Bengal,MALDA,15,14.99999999999909,88.91739630513698,38.894840512049065,0.03433437099432132,94.49946755707185,798.8264801074127,207.02533011131678,LOW,300.55268855818184
Tamil Nadu,Thiruvallur,605,604.9999999999955,1795.7356059985166,2819.725089875222,1.384819630104367,105.8694675173774,761.6271775369205,205.6756151551041,LOW,337.3906343683588
Assam,Hailakandi,5578,5578.00000000001,21315.47397317245,21106.128718674776,12.767808093755754,99.18546778760515,760.3800446647648,205.49908525488226,LOW,313.7635603404364
Assam,Dibrugarh,7062,7062.000000000009,26497.726103609766,26698.776928963613,16.164621864127483,98.65613363462717,753.1714998240603,204.8117533413639,LOW,311.99911316384316
Assam,Marigaon,10487,10487.00000000001,43856.46725431211,33976.69994809594,24.00430324116466,94.77924641025433,742.1163920900843,203.01419259549345,LOW,297.4094890826004
Tamil Nadu,Tiruvarur,1,0.999999999994543,8.095350656762914,10.313726912815198,0.0022889580662757364,36.18227720686975,920.4538784789056,202.1826009866359,LOW,105.1
Orissa,Nabarangapur,3,3.0000000000009095,18.847943558395055,13.638259211193374,0.006866874198866764,78.83061047711337,812.1550692397108,201.8483791487585,LOW,250.44079894535304
Assam,Cachar,17514,17514.000000000007,58018.18798646532,66124.36197257339,40.08881157297203,94.56167621251797,708.7784753584854,201.0631766498477,LOW,298.35092175681245
Orissa,Kendrapara *,1,1.0,9.058306531636893,10.828053981138812,0.0022889580662882273,4.1983707935074595,994.3180256387851,200.96347721193067,LOW,0.0
West bengal,hooghly,7,7.0,45.641421277742545,16.4349201552146,0.01602270646401759,88.01494375368502,775.9542679119643,199.20313227117458,LOW,274.5269650139754
Jammu & Kashmir,Srinagar,3,3.0000000000136424,13.690277141884943,17.41127514605858,0.006866874198895909,87.37800202916014,777.538807198588,199.19882251655733,LOW,281.041338715523
Jammu and Kashmir,punch,1,0.9999999999899956,9.058306531636893,10.536741137788628,0.0022889580662653272,6.028492392148542,979.752383471276,198.96540957774934,LOW,0.0
Bihar,Samstipur,82,82.0000000000091,450.48790134916214,180.6356455333375,0.18769456143565544,92.52523865636878,760.389815521084,198.3968908008319,LOW,286.7239943645035
West Bengal,NADIA,3,2.999999999998181,23.210017341807692,10.519253612433165,0.006866874198860518,58.31458216559376,843.2317738560215,197.80570591626085,LOW,179.93640391992153
Assam,Jorhat,4887,4887.00000000001,19759.475878262416,16223.77767140796,11.186138069950589,94.34388317147716,736.1549416872009,197.75877134416393,LOW,297.6249449533431
Orissa,Sundergarh,1,1.0,8.095350656762914,10.313726912815198,0.0022889580662882273,25.383330747373893,920.4538784789056,196.78312775688798,LOW,72.28319984622145
Meghalaya,Jaintia Hills,4,4.000000000011823,28.25301077724113,11.212691381716013,0.009155832265179973,77.51876992686186,789.3140431791428,196.62494034893905,LOW,236.49688380960333
Bihar,Monghyr,49,49.000000000009095,273.29960460976946,105.82767382001492,0.11215894524814396,89.2164400738666,758.2545568595688,196.2927790924215,LOW,275.6946657561628
Assam,Darrang,7595,7595.000000000009,28351.354096138602,26284.69942641072,17.384636513459107,93.49094530329482,719.2740063526767,195.8156648762205,LOW,294.78181872606865
Assam,North Cachar Hills,1058,1058.000000000011,3588.863313125248,3985.0657512690764,2.4217176341329694,95.56089171533358,715.1963233611259,191.54622582013187,LOW,301.6816400995312
Orissa,Sonapur,22,22.00000000000091,102.77213520068328,63.32887752136559,0.05035707745834308,92.25231906096116,722.1783161828212,190.57692989028232,LOW,295.17982755817906
Nagaland,Kiphire,908,908.0000000000091,2034.8928712186078,4329.605429348722,2.078373924189731,97.62245344575888,700.1648295453608,189.46770480920853,LOW,311.7238226564319
Assam,Goalpara,9898,9898.000000000011,40597.5287938631,27665.459728865033,22.656106940120896,86.88526992996734,689.5947926328734,188.1584255735946,LOW,272.762900814977
Uttar Pradesh,Raebareli,3,3.000000000007276,18.142787526825796,12.069356495039585,0.006866874198881335,72.0069850150743,755.3036005466345,187.0662726791237,LOW,224.9255864407689
Jammu & Kashmir,Badgam,2,2.0000000000136424,9.389129171159034,13.346946367843188,0.0045779161326076805,69.87060468671483,757.8691846334074,186.51051264487867,LOW,222.68334757403863
Tamil Nadu,Namakkal   *,1,0.999999999994543,8.095350656762914,10.313726912815198,0.0022889580662757364,4.652277206869751,920.4538784789056,186.4176009866359,LOW,0.0
Orissa,Jharsuguda,25,25.00000000000091,118.59357869410839,63.448567398886006,0.05722395165720776,84.23132081634456,700.1621003576707,182.1652476652036,LOW,268.44316674279037
Gujarat,Morbi,8004,8004.000000000002,19800.463185785513,31871.29340578043,18.320820362570974,92.68019198852623,645.4935239421105,180.93504689145652,LOW,283.98740974024616
Assam,Kamrup,13666,13666.00000000001,44554.75375998541,43280.72451224235,31.280900933894934,84.76701012934116,642.6829463102931,180.3043646068977,LOW,265.70203481288974
West Bengal,nadia,3,2.9999999999990905,17.884987683521075,11.495608603277145,0.006866874198862599,61.62919720197717,734.5149071699554,177.71964009723933,LOW,190.98512070786623
Haryana,Jhajjar *,1,0.999999999992724,7.390194625193653,10.022414069465018,0.002288958066271573,5.041591382541832,870.6304347329336,176.64756932527752,LOW,0.0
Assam,Tinsukia,8384,8384.00000000001,35175.91318895725,19274.180788973877,19.19062442776052,80.34114136042952,649.37500271832,175.80275855220694,LOW,250.94913891651763
Chhattisgarh,Bijapur,6724,6723.999999999991,13045.30153022307,27905.241590727994,15.390954037722018,90.89548628972722,608.930009233473,171.85103120287482,LOW,275.8549846335045
Rajasthan,Dhaulpur,139,139.0000000000009,477.18030559605455,428.524910787813,0.3181651712140657,83.81760322693226,646.9322974170482,171.39071064824,LOW,255.0846330812968
Assam,Dhemaji,6901,6901.00000000001,22239.414516025598,20503.144126770178,15.796099615455079,82.22563374204228,619.2778708026048,169.7072209161786,LOW,257.2307801885602
Orissa,Khorda,2,2.0000000000009095,10.094285202728294,12.301248514950938,0.004577916132578536,40.474682194143824,746.5177905893078,169.54227258977326,LOW,120.92103800212122
Odisha,Anugal,3,2.999999999996362,16.708144181817627,12.301248514950938,0.006866874198856354,45.472038223436265,725.2348174192141,167.7850426578206,LOW,138.10199264224468
West Bengal,Hawrah,6,5.9999999999990905,33.56654374380007,11.856264308675598,0.01373374839772728,75.55100140041145,648.8972578925095,167.55907240322696,LOW,237.39113470264718
Jammu & Kashmir,Jammu,62,62.00000000001364,178.59996632827838,209.41874554008146,0.1419154001099013,87.94070079561087,615.9027172513648,167.19346846811138,LOW,282.9170012703588
Tamil Nadu,Tuticorin,2,1.999999999994543,9.131329327854315,11.786921446627325,0.004577916132563963,48.66172665672027,697.2750258160547,163.78724186641085,LOW,146.69816483283503
Jammu & Kashmir,Doda,2,2.000000000012733,9.389129171159034,12.009935671600754,0.004577916132605599,40.11767024928777,713.3021614253263,162.72064078454895,LOW,123.50689944928179
Rajasthan,Deeg,61,61.00000000000091,244.14774829695116,129.94694861833844,0.13962644204358393,79.8585107828792,603.3785434117574,160.64685200640415,LOW,241.88765826778655
West Bengal,Kalimpong,513,512.9999999999982,2381.2040783023413,751.459201313046,1.1742354880058565,69.6620425632436,609.4675641275072,157.076804753525,LOW,217.76127191208764
Jammu & Kashmir,Udhampur,2,2.0000000000136424,8.763850812344208,10.536741137788628,0.0045779161326076805,53.45786085863582,643.3530650044278,155.40091680504327,LOW,167.97420148044196
Jammu & Kashmir,Leh (ladakh),3,3.0000000000136424,11.44847663877149,13.346946367843188,0.006866874198895909,61.557468507974235,619.885575165367,154.7579093493202,LOW,194.97289364490334
West Bengal,Burdwan,2,1.9999999999990905,8.095350656762914,12.792695222762273,0.004577916132574372,30.111108737057602,696.2681959841728,154.31056694020313,LOW,85.924825824801
Orissa,Baleswar,3,3.0000000000009095,10.987465067990307,13.638259211193374,0.006866874198866764,60.16284394656739,615.643106979592,153.21210343146174,LOW,188.2149105101998
Assam,Karimganj,14833,14833.000000000011,41492.69820829703,35756.36785771315,33.9521149972533,69.2519726735555,520.7568158690184,148.96298400975743,LOW,213.98524329360419
Delhi,New Delhi,1637,1636.9999999999995,4053.367631103647,4569.859360761872,3.747024354513827,76.10488582206531,526.4485343019242,144.46625707777164,LOW,223.78947832017042
Orissa,Nuapada,2,2.0,9.058306531636893,10.828053981138812,0.004577916132576455,21.32267057559407,662.87868375919,143.23844541447482,LOW,57.080999273622034
Jharkhand,Bokaro *,2,2.0000000000027285,9.058306531636893,10.536741137788628,0.0045779161325827,24.392381953689753,653.1682556475173,142.83121548118814,LOW,53.64600237703342
Karnataka,Udupi *,2,2.0,8.353150500067633,10.536741137788628,0.004577916132576455,24.47223898518956,629.6630545952087,138.1701037864763,LOW,65.78734251045618
Bihar,Bhabua,31,31.000000000008185,138.47945792776144,31.834035303497142,0.07095770005495378,61.42453460246606,532.2296663476831,137.17948788078616,LOW,183.05498085149438
West Bengal,Alipurduar,3673,3672.999999999999,10818.907665100449,7622.559652356328,8.407342977476656,64.9473864167125,501.94521822146913,135.3849397458931,LOW,202.04575142365067
Karnataka,Chamarajanagar *,23,23.0,55.66343252376244,64.1336095463798,0.05264603552462922,66.742736454713,499.154341958926,133.2180304297991,LOW,206.689000742201
Jammu & Kashmir,Anantnag,4,4.000000000012733,15.472534030655067,12.009935671600754,0.009155832265182054,45.776222719325084,549.6493940451164,132.82073691836538,LOW,142.36874101607285
Jammu & Kashmir,Bandipur,2,2.000000000012733,8.353150500067633,10.536741137788628,0.004577916132605599,8.065600414503233,629.6630545952087,129.96678450113313,LOW,16.666666666666664
Karnataka,Bijapur(KAR),3,3.0000000000009095,8.353150500067633,11.873751834031058,0.006866874198866764,56.496842990091125,505.6725583524672,129.38499322779867,LOW,172.5360225267947
Uttar Pradesh,Bulandshahar,185,185.00000000000728,706.7096184217361,208.97079492071464,0.42345724226333864,56.521195674303904,492.3012974959413,126.84789450901923,LOW,173.3062886382009
Jammu & Kashmir,Kargil,4,4.000000000012733,14.509578155781085,12.18904637255999,0.009155832265182054,31.482327142853556,533.9724905668214,122.53840843447061,LOW,94.7224224278344
Arunachal Pradesh,Longding,897,896.9999999999991,1451.911981981254,2551.330930294852,2.053195385460538,64.12409395019564,445.7954245296332,121.83709049666263,LOW,203.83502151527568
Nagaland,Peren,1454,1454.0000000000086,1798.735725911315,4578.298042754594,3.3281450283831018,65.59136672267907,438.2841078120899,121.45094843227245,LOW,204.95353357949918
Delhi,North East   *,2,1.999999999998181,7.390194625193653,10.022414069465018,0.00457791613257229,8.968042326014187,580.4202898219557,120.56945250223802,LOW,0.0
Assam,Golaghat,11505,11505.000000000011,27917.944379590044,20169.61784018523,26.334462552646077,56.19227662214284,417.9346620873916,119.58340949434357,LOW,170.4529231222287
Uttar Pradesh,Sant Ravidas Nagar Bhadohi,84,84.00000000000728,272.3366487348955,111.16384036943472,0.19227247756822774,57.64284404162727,451.1770460050943,119.11451296510297,LOW,177.0451165292788
Bihar,Aurangabad(BH),8,8.000000000008185,28.685512532521805,13.346946367843188,0.018311664530324553,49.35336574624304,467.02732111516656,118.08764059551393,LOW,142.81775133075098
Nagaland,Longleng,889,889.0000000000082,870.0835626312571,2737.4279657081975,2.0348837209302526,60.28025585729612,405.33837397072523,111.81826783907218,LOW,187.24983069488937
Uttar Pradesh,Barabanki,2375,2375.0000000000077,4885.652592089142,4193.670522008234,5.436275407434557,52.424280886867415,382.12639369096706,104.26830180385748,LOW,159.6499060134126
Gujarat,Ahmadabad,6667,6667.000000000003,7775.732736425553,15588.431151511628,15.260483427943615,55.628326591008346,350.3923798430891,102.47078429250507,LOW,160.4811917485199
Orissa,Baudh,4,4.0000000000009095,10.094285202728294,10.828053981138812,0.009155832265154991,27.797161764758204,418.44678367734207,97.59068436752707,LOW,78.66263657083582
Meghalaya,West Garo Hills,15875,15875.000000000015,14967.593406359352,33429.45336855778,36.33720930232564,49.29846104045162,304.84408399418703,96.5192101097609,LOW,144.09585418823582
Orissa,Mayurbhanj,32,32.00000000000091,50.70669546786837,66.50176577374441,0.07324665812122536,49.874525542185694,355.1771552776145,95.9946678240521,LOW,153.92051582892745
Nagaland,Noklak,354,354.0000000000073,459.23226050724946,739.162863477632,0.810291155466049,49.7840880351448,337.5760912633468,92.65034961688158,LOW,152.26260462105162
Jammu & Kashmir,Baramula,47,47.00000000001273,101.53652504952072,63.954498845420545,0.10758102911557581,46.48629230606647,344.7729664477943,92.23001375132678,LOW,144.73563963854411
Uttar Pradesh,Mahrajganj,19,19.000000000007276,45.11096715814925,24.370139255762822,0.043490203259492974,45.3006774248777,347.40553206956037,92.14449218732877,LOW,135.90456114011354
Orissa,Kalahandi,11,11.00000000000091,22.67956322221439,17.705248114144464,0.02517853872917258,36.63285276851847,336.5400944696571,85.6319988398094,LOW,109.78160658337003
Jammu & Kashmir,Pulwama,4,4.000000000012733,8.353150500067633,10.536741137788628,0.009155832265182054,11.883834179411863,377.7978327571252,81.50423039081053,LOW,29.39411254969543
Assam,West Karbi Anglong,1884,1884.0000000000105,1455.285196541932,3413.205572005971,4.312396996887044,41.835397269938184,258.2753723367588,73.86649220138696,LOW,122.59665861487986
Meghalaya,South West Garo Hills,4956,4956.000000000013,7157.692506889007,4928.934430276053,11.344076176524483,37.12551967663027,243.82947220425783,70.73187713212405,LOW,103.51938297549799
Orissa,Debagarh,7,7.0,12.15363267034075,10.828053981138812,0.01602270646401759,22.97447804472448,287.27108314349454,68.94626246300035,LOW,64.25369083739007
Meghalaya,South West Khasi Hills,3446,3446.0000000000127,4870.569296759121,3408.1126980552467,7.88774949642926,36.64321227196717,240.1706409867818,68.72205918226872,LOW,101.91169162662102
Nagaland,Shamator,247,247.00000000000728,449.6996473862641,150.34184440073048,0.5653726423732087,32.45847638516192,241.95221443023974,64.78929287134088,LOW,94.51056578777536
Meghalaya,East Khasi Hills,28812,28812.00000000002,16339.837656024922,21007.30811798543,65.94945980589644,25.0786646627785,129.6190808801942,58.24798644919702,LOW,63.36319959599209
Gujarat,Dohad,13003,13003.000000000004,5208.87875732751,15566.358728116833,29.763321735945823,31.970178730589883,159.76036208431518,56.86615830294173,LOW,81.62069888045835
Rajasthan,Jalore,494,494.0,1035.863859463314,20.065733685073422,1.1307452847463841,27.71670996190195,213.31910972694695,56.86140051176429,LOW,68.08165553119575
Jammu & Kashmir,Kupwara,9,9.000000000012733,11.44847663877149,10.596161961227459,0.02060062259662319,15.463288502920546,220.4463859999895,51.82710163823716,LOW,41.325626961391045
Mizoram,Khawzawl,36,35.999999999992724,37.183703322378626,19.05163166587837,0.08240249038635952,37.29296002278708,151.98739186015405,49.06867913054026,LOW,45.97239332396746
Meghalaya,North Garo Hills,3069,3069.0000000000123,3809.523729813456,1234.7695051812414,7.024812305438598,26.371269231103145,164.30922589559276,48.154923486301705,LOW,67.67188149040759
Meghalaya,East Garo Hills,6052,6052.000000000013,6325.883800391006,2763.415758493403,13.85277421717638,25.301957716966644,150.16189590094845,46.83919030382593,LOW,64.10750977661925
Meghalaya,Ri Bhoi,9308,9308.000000000015,8232.147667758141,4570.323816957539,21.30562168101085,24.384287454313267,137.52789219804146,46.089408671068185,LOW,61.04860890110798
Meghalaya,West Jaintia Hills,11816,11816.000000000015,7534.283353222048,6133.456365974853,27.046328511261724,22.815339554572965,115.66167148342981,42.65390262735096,LOW,55.818782568640316
Meghalaya,West Khasi Hills,15898,15898.000000000016,10550.933632210803,6057.295887371785,36.38985533785027,20.92655758469289,104.4608435724422,42.27240410818997,LOW,49.52284266904006
Meghalaya,East Jaintia Hills,5133,5133.000000000013,3354.1922862657866,2783.656567188199,11.7492217542575,23.18297927147624,119.55295780003867,39.026847722023106,LOW,57.044248291651215
Meghalaya,South Garo Hills,4441,4441.000000000013,4016.8681619253234,1235.332324194359,10.165262772386045,21.59448790349568,118.23954268617022,37.494731320697696,LOW,51.74927706504936
Assam,Dima Hasao,250,250.0000000000091,271.80619461530216,23.28817169055201,0.5722395165720776,18.633546521588855,117.56747661587816,33.00194043894169,LOW,45.257156120382085
Gujarat,Surendranagar,1442,1442.0000000000018,922.1439167903355,517.9842212511224,3.300677531587628,20.934486481188742,99.80097976725281,31.417642453521225,LOW,44.835058049121216
Gujarat,Sabar Kantha,2437,2437.000000000002,618.3897588210415,616.9485064592694,5.578190807544414,15.82911456937645,50.67015033963539,19.72204459487863,LOW,27.817151676413577
Gujarat,Panch Mahals,1402,1402.0000000000018,389.1100663470514,305.94619427830446,3.209119208936099,15.852975226672985,49.540717079497924,18.797366791916907,LOW,27.896687200735364
Karnataka,Bengaluru Urban,23074,23074.000000000004,50.29387907235616,21.75135124319957,52.81541842153457,4.736036232052706,0.3122220165354528,18.27508804579381,LOW,0.0
Bihar,Pashchim Champaran,16359,16359.000000000013,1108.0324950255422,365.5073094544736,37.44506500640913,9.716580030491924,9.006967020048997,17.893202921178503,LOW,10.695132278247241
Gujarat,Banas Kantha,13498,13498.000000000004,487.3471299829793,526.5689320814291,30.8963559787585,10.69344493569944,7.511045722382461,16.117838405953762,LOW,10.698252897490207
Meghalaya,Eastern West Khasi Hills,818,818.0000000000109,318.671202043715,11.192850911676828,1.872367698223795,11.852783241155027,40.27644114229449,14.543390158503549,LOW,19.276928190580513
Bihar,Purbi Champaran,14871,14871.000000000013,16.975997070885416,23.59656948815933,34.03909540377226,6.508040347017752,0.27281177083811686,13.520311148808176,LOW,0.0
West Bengal,Dinajpur Uttar,11671,11671.000000000002,2.351209010199132,18.05781513918094,26.714429591649903,4.333660989617302,0.17485455919619664,10.216130284142862,LOW,0.0
West Bengal,24 Paraganas North,6147,6147.000000000002,5.680409063858517,18.111261041068545,14.070225233473737,4.333660989617302,0.3869822723638104,6.465294519323534,LOW,0.0
Karnataka,Bengaluru Rural,2790,2790.000000000001,76.20964362294133,16.660197748002382,6.386193004944156,7.2340610933347,3.327475505945672,6.198383549339731,LOW,8.326749537606643
Madhya Pradesh,Ashoknagar,3011,3010.999999999994,9.397602597413387,15.32318705175994,6.892052737593839,7.618584749901788,0.8207433482461264,6.041056865878271,LOW,0.0
Meghalaya,Kamrup,143,143.00000000001273,7.390194625193653,12.185692366505998,0.32732100347924564,6.069704783980872,13.594365966458092,5.851921886325828,LOW,0.0
Uttar Pradesh,Siddharth Nagar,4341,4341.000000000009,6.25664147124931,15.32318705175994,9.936366965757216,4.529309082843637,0.4970020387611527,5.344965038901214,LOW,0.0
West Bengal,Coochbehar,4410,4410.000000000001,6.96179750281857,15.32318705175994,10.094305072331084,4.333660989617302,0.5052138869775222,5.29616479390348,LOW,0.0
Jharkhand,East Singhbum,1447,1447.0000000000032,8.095350656762914,10.499413142393983,3.312122321919072,7.798581240579727,1.2841687706600067,5.149761070997586,LOW,0.0
Tamil Nadu,Kanchipuram,387,386.99999999999363,11.190676795466771,10.94351218220815,0.8858267716535293,7.057865099826101,5.704687880844052,4.935618157577919,LOW,8.018626309854495
Chhattisgarh,Gaurella Pendra Marwahi,983,982.9999999999909,8.095350656762914,10.499413142393983,2.2500457791613067,7.638990899675868,1.8897117682070017,4.872451537227726,LOW,0.0
Gujarat,Dang,872,872.0000000000027,7.390194625193653,10.499413142393983,1.9959714338033403,7.483969066452377,2.049210511751161,4.750618065717423,LOW,0.0
Haryana,Gurugram,2636,2635.999999999994,8.692446565844127,15.32318705175994,6.033693462735753,5.041591382541832,0.9107179983922665,4.513047329770095,LOW,0.0
Andhra Pradesh,Visakhapatanam,226,225.9999999999909,8.095350656762914,9.454773572577812,0.5173045229811185,5.444063520932584,7.731332259621465,4.4234895692849205,LOW,0.0
Andhra Pradesh,Spsr Nellore,2183,2182.999999999992,7.236874946393902,10.499413142393983,4.996795458707181,5.444063520932584,0.8121011029664784,4.3834906186717415,LOW,0.0
Karnataka,Ramanagara,204,204.0000000000009,7.390194625193653,9.454773572577812,0.46694744552280043,4.736036232052706,8.217057657449494,4.151513881173092,LOW,0.0
Uttar Pradesh,Shravasti,2535,2535.000000000009,8.692446565844127,8.103965920330968,5.802508698040676,4.529309082843637,0.6623191043444437,4.1378709717029105,LOW,0.0
Haryana,Nuh,1506,1505.999999999994,7.390194625193653,10.499413142393983,3.4471708478300562,5.541591382541832,1.18710071450482,4.042367088520897,LOW,0.0
Punjab,S.A.S Nagar,705,704.9999999999982,7.390194625193653,10.499413142393983,1.613715436733196,5.98903447501105,2.5339387772787023,3.9854196239812243,LOW,0.0
Assam,Sivasagar,422,422.00000000001,7.390194625193653,10.499413142393983,0.9659403039736548,5.056399685474231,4.229221694465163,3.663826272822244,LOW,0.0
Uttar Pradesh,Kushi Nagar,1570,1570.0000000000086,7.390194625193653,10.499413142393983,3.593664164072537,4.529309082843637,1.1387401507057695,3.5705018207847337,LOW,0.0
West Bengal,24 Paraganas South,490,489.9999999999991,8.095350656762914,10.499413142393983,1.121589452481229,4.333660989617302,3.7871209366918324,3.260731517891386,LOW,0.0
West Bengal,Dinajpur Dakshin,997,996.9999999999995,8.095350656762914,10.499413142393983,2.2820911920893616,4.333660989617302,1.863202785486663,3.2240984095327923,LOW,0.0
Telangana,Ranga Reddy,284,283.99999999999636,8.095350656762914,9.454773572577812,0.6500640908258482,3.5744672067881336,6.157938326084465,3.2138404958587143,LOW,0.0
West Bengal,Medinipur West,645,644.9999999999991,8.095350656762914,10.499413142393983,1.4763779527559044,4.333660989617302,2.8784464085382195,3.1854331623430663,LOW,0.0
Odisha,Nabarangpur,442,441.99999999999636,8.095350656762914,10.94351218220815,1.0117194652993882,3.541440430762862,4.297711701799337,2.933778395331115,LOW,0.0
Maharashtra,Ahmednagar,368,368.0000000000109,8.095350656762914,9.732206303536545,0.8423365683940925,3.274645924760654,4.831316249403648,2.856287182779284,LOW,0.0
Telangana,Medchal Malkajgiri,704,703.9999999999964,8.095350656762914,10.499413142393983,1.6114264786669035,3.5744672067881336,2.637555148816581,2.798172576757454,LOW,0.0
The Dadra And Nagar Haveli And Daman And Diu,Dadra And Nagar Haveli,716,716.0000000000036,7.390194625193653,12.162134718235226,1.6388939754623788,0.0,2.7269636462243905,1.0370609218835918,LOW,0.0
100000,100000,218,218.00000000001,9.058306531636893,-9.33081440875452,0.4989928584508564,0.645831391128707,-0.12443282060165639,0.4477269889792791,LOW,0.48610463709569024
Andaman & Nicobar Islands,Nicobars,1,0.9999999999990905,9.131329327854315,-34.49620905332295,0.002288958066286145,44.53747820178176,-1268.2439862734316,-231.37937146637555,LOW,117.11297325803487
